timestamp,cpu_mean,cpu_max,mem_mean,disk_write_sum,disk_write_max,process_count,active_writers,disk_write_rate,label
2026-02-04 15:50:44,573.4,573.4,0.0,0,0,1,0,0.0,0
2026-02-04 15:50:45,0.0,0.0,0.17666666666666667,0,0,6,0,0.0,0
2026-02-04 15:50:46,0.0,0.0,0.14666666666666667,0,0,6,0,0.0,0
2026-02-04 15:50:47,0.0,0.0,0.16833333333333333,0,0,6,0,0.0,0
2026-02-04 15:50:48,0.0,0.0,0.40199999999999997,0,0,5,0,0.0,0
2026-02-04 15:50:49,0.0,0.0,0.13166666666666668,0,0,6,0,0.0,0
2026-02-04 15:50:50,0.0,0.0,0.12166666666666666,0,0,6,0,0.0,0
2026-02-04 15:50:51,0.0,0.0,0.2933333333333334,0,0,6,0,0.0,0
2026-02-04 15:50:52,0.0,0.0,0.93,0,0,6,0,0.0,0
2026-02-04 15:50:53,0.0,0.0,0.18666666666666665,0,0,6,0,0.0,0
2026-02-04 15:50:54,0.0,0.0,0.27166666666666667,0,0,6,0,0.0,0
2026-02-04 15:50:55,0.0,0.0,0.22666666666666666,0,0,6,0,0.0,0
2026-02-04 15:50:56,0.0,0.0,0.13499999999999998,0,0,6,0,0.0,0
2026-02-04 15:50:57,0.0,0.0,0.12833333333333333,0,0,6,0,0.0,0
2026-02-04 15:50:58,0.0,0.0,0.5783333333333333,0,0,6,0,0.0,0
2026-02-04 15:50:59,0.0,0.0,0.27,0,0,6,0,0.0,0
2026-02-04 15:51:00,0.0,0.0,0.32,0,0,6,0,0.0,0
2026-02-04 15:51:01,6.25,37.5,0.735,0,0,6,0,0.0,0
2026-02-04 15:51:02,0.0,0.0,0.455,0,0,6,0,0.0,0
2026-02-04 15:51:03,0.0,0.0,0.6457142857142858,0,0,7,0,0.0,0
2026-02-04 15:51:04,0.0,0.0,0.7516666666666668,0,0,6,0,0.0,0
2026-02-04 15:51:05,0.0,0.0,2.6449999999999996,0,0,6,0,0.0,0
2026-02-04 15:51:06,16.716666666666665,100.3,0.5,0,0,6,0,0.0,0
2026-02-04 15:51:07,0.0,0.0,0.2742857142857143,0,0,7,0,0.0,0
2026-02-04 15:51:08,0.0,0.0,0.7433333333333333,0,0,6,0,0.0,0
2026-02-04 15:51:09,0.0,0.0,0.19,0,0,4,0,0.0,0
2026-02-04 15:51:12,117.175,468.7,0.1925,0,0,4,0,0.0,0
2026-02-04 15:51:13,0.0,0.0,0.1142857142857143,0,0,7,0,0.0,0
2026-02-04 15:51:14,0.0,0.0,0.19142857142857142,0,0,7,0,0.0,0
2026-02-04 15:51:15,0.0,0.0,0.3383333333333334,0,0,6,0,0.0,0
2026-02-04 15:51:16,0.0,0.0,0.12428571428571429,38504,38504,7,1,38504.0,0
2026-02-04 15:51:17,0.0,0.0,0.2657142857142857,48,48,7,1,48.0,0
2026-02-04 15:51:18,0.0,0.0,0.6985714285714286,0,0,7,0,0.0,0
2026-02-04 15:51:19,0.0,0.0,0.24714285714285714,0,0,7,0,0.0,0
2026-02-04 15:51:20,0.0,0.0,0.2966666666666667,0,0,6,0,0.0,0
2026-02-04 15:51:21,0.0,0.0,0.20285714285714285,0,0,7,0,0.0,0
2026-02-04 15:51:22,0.0,0.0,0.13714285714285715,0,0,7,0,0.0,0
2026-02-04 15:51:23,0.0,0.0,0.5342857142857144,920,920,7,1,920.0,0
2026-02-04 15:51:24,0.0,0.0,0.16125,0,0,8,0,0.0,0
2026-02-04 15:51:25,0.0,0.0,0.3575,3380784,3104768,8,3,1126928.0,0
2026-02-04 15:51:26,0.0,0.0,0.6628571428571428,22774,22774,7,1,22774.0,0
2026-02-04 15:51:27,0.0,0.0,0.79,0,0,8,0,0.0,0
2026-02-04 15:51:28,0.0,0.0,0.17875000000000002,0,0,8,0,0.0,0
2026-02-04 15:51:29,1.7875,14.3,2.39375,2862214,2137304,8,4,715553.5,0
2026-02-04 15:51:30,0.0,0.0,0.5062500000000001,325551796,325551784,8,2,162775898.0,0
2026-02-04 15:51:31,0.0,0.0,0.3057142857142857,0,0,7,0,0.0,0
2026-02-04 15:51:32,0.0,0.0,0.58125,11776,8648,8,2,5888.0,0
2026-02-04 15:51:33,0.0,0.0,0.18,7564,7564,1,1,7564.0,0
2026-02-04 15:51:35,124.675,498.7,0.1925,311296,311296,4,1,311296.0,0
2026-02-04 15:51:36,0.0,0.0,0.11375,0,0,8,0,0.0,0
2026-02-04 15:51:37,0.0,0.0,0.16875,0,0,8,0,0.0,0
2026-02-04 15:51:38,0.0,0.0,0.3075,7528,7528,8,1,7528.0,0
2026-02-04 15:51:39,0.0,0.0,0.1225,64,64,8,1,64.0,0
2026-02-04 15:51:40,0.0,0.0,0.24750000000000003,8003,8003,8,1,8003.0,0
2026-02-04 15:51:41,0.0,0.0,0.6677777777777778,0,0,9,0,0.0,0
2026-02-04 15:51:42,0.0,0.0,0.28875,0,0,8,0,0.0,0
2026-02-04 15:51:43,0.0,0.0,0.17125,0,0,8,0,0.0,0
2026-02-04 15:51:44,0.0,0.0,0.12625,0,0,8,0,0.0,0
2026-02-04 15:51:45,1.588888888888889,14.3,0.47333333333333333,0,0,9,0,0.0,0
2026-02-04 15:51:46,1.4300000000000002,14.3,0.40499999999999997,945944,657640,10,3,315314.6666666667,0
2026-02-04 15:51:47,10.03,100.3,0.602,0,0,10,0,0.0,0
2026-02-04 15:51:48,0.0,0.0,0.5366666666666666,0,0,9,0,0.0,0
2026-02-04 15:51:49,0.0,0.0,1.9609999999999999,3965926,3372584,10,4,991481.5,0
2026-02-04 15:51:50,0.0,0.0,0.47777777777777775,119621944,119621928,9,2,59810972.0,0
2026-02-04 15:51:51,0.0,0.0,0.4666666666666667,1120,1120,9,1,1120.0,0
2026-02-04 15:51:52,0.0,0.0,0.39999999999999997,10263,7615,6,2,5131.5,0
2026-02-04 15:51:54,120.75,483.0,0.1925,126976,126976,4,1,126976.0,0
2026-02-04 15:51:55,0.0,0.0,0.13111111111111112,0,0,9,0,0.0,0
2026-02-04 15:51:56,0.0,0.0,0.151,0,0,10,0,0.0,0
2026-02-04 15:51:57,0.0,0.0,0.2490909090909091,64,64,11,1,64.0,0
2026-02-04 15:51:58,0.0,0.0,0.22600000000000003,0,0,10,0,0.0,0
2026-02-04 15:51:59,0.0,0.0,0.5736363636363637,0,0,11,0,0.0,0
2026-02-04 15:52:00,0.0,0.0,0.274,0,0,10,0,0.0,0
2026-02-04 15:52:01,0.0,0.0,0.136,920,920,10,1,920.0,0
2026-02-04 15:52:02,0.0,0.0,0.38636363636363635,0,0,11,0,0.0,0
2026-02-04 15:52:03,0.0,0.0,0.40499999999999997,828994,701274,10,2,414497.0,0
2026-02-04 15:52:04,0.0,0.0,0.7641666666666667,3360,2016,12,2,1680.0,0
2026-02-04 15:52:05,5.9750000000000005,71.7,0.48500000000000004,11360052,6751641,12,3,3786684.0,0
2026-02-04 15:52:06,0.0,0.0,1.78,159414554,156187605,12,6,26569092.333333332,0
2026-02-04 15:52:07,0.0,0.0,0.5083333333333333,124232,113984,12,3,41410.666666666664,0
2026-02-04 15:52:08,0.0,0.0,0.19,7549,7549,4,1,7549.0,0
2026-02-04 15:52:09,372.7,372.7,0.0,0,0,1,0,0.0,0
2026-02-04 15:52:10,1.1916666666666667,14.3,0.1625,32768,32768,12,1,32768.0,0
2026-02-04 15:52:11,1.5090909090909093,16.6,0.26363636363636367,134024,134024,11,1,134024.0,0
2026-02-04 15:52:12,0.0,0.0,0.13416666666666666,384,336,12,2,192.0,0
2026-02-04 15:52:13,0.0,0.0,0.5338461538461539,19963,19963,13,1,19963.0,0
2026-02-04 15:52:14,0.0,0.0,0.254,0,0,10,0,0.0,0
2026-02-04 15:52:15,0.0,0.0,0.1769230769230769,0,0,13,0,0.0,0
2026-02-04 15:52:16,0.0,0.0,0.33999999999999997,0,0,13,0,0.0,0
2026-02-04 15:52:17,4.7384615384615385,33.2,0.3669230769230769,380928,368640,13,2,190464.0,0
2026-02-04 15:52:18,0.0,0.0,0.6799999999999999,555762,555538,13,2,277881.0,0
2026-02-04 15:52:19,0.0,0.0,0.6464285714285715,29337285,22927738,14,3,9779095.0,0
2026-02-04 15:52:20,0.0,0.0,1.4166666666666667,153284065,151995669,15,6,25547344.166666668,0
2026-02-04 15:52:21,0.0,0.0,0.48857142857142855,29160,12264,14,4,7290.0,0
2026-02-04 15:52:23,38.230000000000004,382.3,0.145,262144,237568,10,2,131072.0,0
2026-02-04 15:52:24,0.0,0.0,0.24285714285714288,74560,65536,14,2,37280.0,0
2026-02-04 15:52:25,0.0,0.0,0.2,143234,134618,15,4,35808.5,0
2026-02-04 15:52:26,0.0,0.0,0.43400000000000005,0,0,15,0,0.0,0
2026-02-04 15:52:27,0.0,0.0,0.230625,0,0,16,0,0.0,0
2026-02-04 15:52:28,0.0,0.0,0.299375,0,0,16,0,0.0,0
2026-02-04 15:52:29,0.0,0.0,0.3046153846153846,28672,16384,13,2,14336.0,0
2026-02-04 15:52:30,0.8352941176470587,14.2,0.7852941176470588,10331720,5789340,17,4,2582930.0,0
2026-02-04 15:52:31,3.11875,49.9,1.326875,63946779,57989441,16,6,10657796.5,0
2026-02-04 15:52:32,0.7526315789473684,14.3,0.5952631578947368,3747553,3648301,19,6,624592.1666666666,0
2026-02-04 15:52:33,0.0,0.0,0.2,8372,7812,5,2,4186.0,0
2026-02-04 15:52:34,48.975,587.7,0.13999999999999999,286720,249856,12,2,143360.0,0
2026-02-04 15:52:35,0.0,0.0,0.21555555555555558,42280,42056,18,2,21140.0,0
2026-02-04 15:52:36,0.0,0.0,0.4655555555555556,28839,20051,18,3,9613.0,0
2026-02-04 15:52:37,0.0,0.0,0.2255555555555556,0,0,18,0,0.0,0
2026-02-04 15:52:38,0.0,0.0,0.2794736842105263,0,0,19,0,0.0,0
2026-02-04 15:52:39,0.0,0.0,0.5363157894736842,96768,69632,19,4,24192.0,0
2026-02-04 15:52:40,0.0,0.0,0.42300000000000004,5434,4650,20,3,1811.3333333333333,0
2026-02-04 15:52:41,1.7473684210526317,16.6,1.3178947368421052,18484412,12586323,19,8,2310551.5,0
2026-02-04 15:52:42,0.0,0.0,0.6325000000000001,56365,45744,16,5,11273.0,0
2026-02-04 15:52:43,166.23333333333332,498.7,0.25333333333333335,0,0,3,0,0.0,0
2026-02-04 15:52:44,0.0,0.0,0.12526315789473683,0,0,19,0,0.0,0
2026-02-04 15:52:45,0.0,0.0,0.26611111111111113,1520,1248,18,3,506.6666666666667,0
2026-02-04 15:52:46,0.0,0.0,0.45473684210526316,0,0,19,0,0.0,0
2026-02-04 15:52:47,0.0,0.0,0.16210526315789475,0,0,19,0,0.0,0
2026-02-04 15:52:48,0.0,0.0,0.3836842105263158,884736,884736,19,1,884736.0,0
2026-02-04 15:52:49,0.0,0.0,0.6585,20743,13304,20,4,5185.75,0
2026-02-04 15:52:50,0.0,0.0,1.2326315789473685,1856133,913430,19,6,309355.5,0
2026-02-04 15:52:51,9.45,151.2,0.84875,10249842,6246022,16,5,2049968.4,0
2026-02-04 15:52:52,0.0,0.0,0.21714285714285714,8516,8068,7,2,4258.0,0
2026-02-04 15:52:53,48.02222222222222,432.2,0.13444444444444445,77824,45056,9,2,38912.0,0
2026-02-04 15:52:54,0.0,0.0,0.23058823529411765,1232,1232,17,1,1232.0,0
2026-02-04 15:52:55,0.0,0.0,0.18687499999999999,7440,7376,16,2,3720.0,0
2026-02-04 15:52:56,0.0,0.0,0.4982352941176471,0,0,17,0,0.0,0
2026-02-04 15:52:57,0.0,0.0,0.16352941176470587,0,0,17,0,0.0,0
2026-02-04 15:52:58,0.8875,14.2,0.375,45104,36864,16,2,22552.0,0
2026-02-04 15:52:59,0.0,0.0,0.6773333333333333,177449,74160,15,5,35489.8,0
2026-02-04 15:53:00,0.0,0.0,0.400625,1356,672,16,3,452.0,0
2026-02-04 15:53:01,2.075,33.2,1.550625,7858415,3967770,16,8,982301.875,0
2026-02-04 15:53:02,1.0375,16.6,0.76,25025240,24852296,16,5,5005048.0,0
2026-02-04 15:53:03,0.0,0.0,0.1825,8044,8044,4,1,8044.0,0
2026-02-04 15:53:04,83.61666666666666,501.7,0.15833333333333333,720896,552960,6,2,360448.0,0
2026-02-04 15:53:05,0.0,0.0,0.1392857142857143,0,0,14,0,0.0,0
2026-02-04 15:53:06,0.0,0.0,0.23,2080,2016,14,2,1040.0,0
2026-02-04 15:53:07,0.0,0.0,0.5599999999999999,19303,13552,14,2,9651.5,0
2026-02-04 15:53:08,0.0,0.0,0.23785714285714285,0,0,14,0,0.0,0
2026-02-04 15:53:09,0.0,0.0,0.14928571428571427,0,0,14,0,0.0,0
2026-02-04 15:53:10,0.0,0.0,0.36333333333333334,0,0,12,0,0.0,0
2026-02-04 15:53:11,0.0,0.0,0.3676923076923077,140056,135960,13,2,70028.0,0
2026-02-04 15:53:12,0.0,0.0,0.7430769230769231,49596,39748,13,4,12399.0,0
2026-02-04 15:53:13,1.1,14.3,0.55,20548786,20548102,13,3,6849595.333333333,0
2026-02-04 15:53:14,5.515384615384615,71.7,1.683076923076923,9385559,7531817,13,7,1340794.142857143,0
2026-02-04 15:53:15,12.599999999999998,149.6,0.9784615384615385,26851376,22132598,13,5,5370275.2,0
2026-02-04 15:53:16,0.0,0.0,0.28833333333333333,34873,26344,6,3,11624.333333333334,0
2026-02-04 15:53:17,565.2,565.2,0.0,0,0,1,0,0.0,0
2026-02-04 15:53:18,0.0,0.0,0.1625,151552,151552,12,1,151552.0,0
2026-02-04 15:53:19,0.0,0.0,0.2772727272727273,22808,22808,11,1,22808.0,0
2026-02-04 15:53:20,0.0,0.0,0.16333333333333333,4500,3988,12,3,1500.0,0
2026-02-04 15:53:21,0.0,0.0,0.5690909090909092,0,0,11,0,0.0,0
2026-02-04 15:53:22,0.0,0.0,0.2866666666666667,0,0,12,0,0.0,0
2026-02-04 15:53:23,0.0,0.0,0.18727272727272729,0,0,11,0,0.0,0
2026-02-04 15:53:24,0.0,0.0,0.3499999999999999,0,0,12,0,0.0,0
2026-02-04 15:53:25,0.0,0.0,0.2525,8640,8192,12,2,4320.0,0
2026-02-04 15:53:26,0.0,0.0,0.7290000000000001,2016,2016,10,1,2016.0,0
2026-02-04 15:53:27,0.0,0.0,0.5681818181818182,739223,690951,11,3,246407.66666666666,0
2026-02-04 15:53:28,0.0,0.0,0.2581818181818182,448,448,11,1,448.0,0
2026-02-04 15:53:29,0.0,0.0,1.9963636363636363,13109370,10152991,11,7,1872767.142857143,0
2026-02-04 15:53:30,0.0,0.0,0.7881818181818182,12792774,12473965,11,3,4264258.0,0
2026-02-04 15:53:31,0.0,0.0,0.9709090909090908,1158952,1141728,11,6,193158.66666666666,0
2026-02-04 15:53:33,191.75,383.5,0.0,176128,176128,2,1,176128.0,0
2026-02-04 15:53:34,0.0,0.0,0.17727272727272728,0,0,11,0,0.0,0
2026-02-04 15:53:35,0.0,0.0,0.1322222222222222,0,0,9,0,0.0,0
2026-02-04 15:53:36,0.0,0.0,0.29500000000000004,2240,2016,10,3,746.6666666666666,0
2026-02-04 15:53:37,0.0,0.0,0.2588888888888889,3428,3364,9,2,1714.0,0
2026-02-04 15:53:38,0.0,0.0,0.568,0,0,10,0,0.0,0
2026-02-04 15:53:39,0.0,0.0,0.253,0,0,10,0,0.0,0
2026-02-04 15:53:40,0.0,0.0,0.20666666666666667,0,0,9,0,0.0,0
2026-02-04 15:53:41,0.0,0.0,0.38499999999999995,0,0,10,0,0.0,0
2026-02-04 15:53:42,0.0,0.0,0.1488888888888889,0,0,9,0,0.0,0
2026-02-04 15:53:43,0.0,0.0,0.341,5833736,5500928,10,3,1944578.6666666667,0
2026-02-04 15:53:44,0.0,0.0,0.8320000000000001,16940,12288,10,4,4235.0,0
2026-02-04 15:53:45,0.0,0.0,0.5155555555555555,224,224,9,1,224.0,0
2026-02-04 15:53:46,0.0,0.0,0.23888888888888887,112,112,9,1,112.0,0
2026-02-04 15:53:47,7.466666666666667,67.2,2.376666666666667,3745694,1769430,9,6,624282.3333333334,0
2026-02-04 15:53:48,0.0,0.0,0.4244444444444444,178297,178297,9,1,178297.0,0
2026-02-04 15:53:49,1.5777777777777777,14.2,1.4588888888888887,22402480,17560480,9,4,5600620.0,0
2026-02-04 15:53:50,0.0,0.0,0.28833333333333333,8395,8059,6,2,4197.5,0
2026-02-04 15:53:52,286.7,286.7,0.0,0,0,1,0,0.0,0
2026-02-04 15:53:53,0.0,0.0,0.1611111111111111,172032,106496,9,2,86016.0,0
2026-02-04 15:53:54,0.0,0.0,0.15,0,0,8,0,0.0,0
2026-02-04 15:53:55,0.0,0.0,0.35000000000000003,0,0,8,0,0.0,0
2026-02-04 15:53:56,0.0,0.0,0.10875,48,48,8,1,48.0,0
2026-02-04 15:53:57,0.0,0.0,0.27125,3404,3404,8,1,3404.0,0
2026-02-04 15:53:58,0.0,0.0,0.6325,0,0,8,0,0.0,0
2026-02-04 15:53:59,0.0,0.0,0.16999999999999998,0,0,8,0,0.0,0
2026-02-04 15:54:00,0.0,0.0,0.31625000000000003,0,0,8,0,0.0,0
2026-02-04 15:54:01,0.0,0.0,0.13375,0,0,8,0,0.0,0
2026-02-04 15:54:02,0.0,0.0,0.47000000000000003,0,0,8,0,0.0,0
2026-02-04 15:54:03,0.0,0.0,0.195,61440,61440,8,1,61440.0,0
2026-02-04 15:54:04,0.0,0.0,0.3425,0,0,8,0,0.0,0
2026-02-04 15:54:05,0.0,0.0,0.84375,3883,2427,8,2,1941.5,0
2026-02-04 15:54:06,0.0,0.0,0.54,0,0,8,0,0.0,0
2026-02-04 15:54:07,0.0,0.0,0.41625,0,0,8,0,0.0,0
2026-02-04 15:54:08,8.185714285714285,57.3,0.7814285714285715,2797198,1332016,7,3,932399.3333333334,0
2026-02-04 15:54:09,0.0,0.0,2.0774999999999997,796,672,8,3,265.3333333333333,0
2026-02-04 15:54:10,0.0,0.0,0.5214285714285715,1766202,1766202,7,1,1766202.0,0
2026-02-04 15:54:11,10.125,49.9,1.6175,23121960,19197472,8,5,4624392.0,0
2026-02-04 15:54:12,0.0,0.0,0.2642857142857143,45030,36691,7,3,15010.0,0
2026-02-04 15:54:15,109.89999999999999,329.7,0.25333333333333335,143360,110592,3,2,71680.0,0
2026-02-04 15:54:16,0.0,0.0,0.09857142857142856,0,0,7,0,0.0,0
2026-02-04 15:54:17,0.0,0.0,0.16571428571428573,0,0,7,0,0.0,0
2026-02-04 15:54:18,0.0,0.0,0.31857142857142856,2016,2016,7,1,2016.0,0
2026-02-04 15:54:19,0.0,0.0,0.15625,448,224,8,2,224.0,0
2026-02-04 15:54:20,0.0,0.0,0.3283333333333333,3724,3660,6,2,1862.0,0
2026-02-04 15:54:21,0.0,0.0,0.10571428571428572,0,0,7,0,0.0,0
2026-02-04 15:54:22,0.0,0.0,0.81,0,0,6,0,0.0,0
2026-02-04 15:54:23,0.0,0.0,0.17857142857142858,0,0,7,0,0.0,0
2026-02-04 15:54:24,0.0,0.0,0.37000000000000005,0,0,6,0,0.0,0
2026-02-04 15:54:25,0.0,0.0,0.15571428571428572,0,0,7,0,0.0,0
2026-02-04 15:54:26,0.0,0.0,0.10666666666666667,0,0,6,0,0.0,0
2026-02-04 15:54:27,0.0,0.0,0.5371428571428571,0,0,7,0,0.0,0
2026-02-04 15:54:28,0.0,0.0,0.20000000000000004,36864,36864,6,1,36864.0,0
2026-02-04 15:54:29,0.0,0.0,0.3442857142857143,224,224,7,1,224.0,0
2026-02-04 15:54:30,0.0,0.0,0.9057142857142857,5216,4096,7,2,2608.0,0
2026-02-04 15:54:31,0.0,0.0,0.4642857142857143,2265,2041,7,2,1132.5,0
2026-02-04 15:54:32,0.0,0.0,0.5414285714285715,224,224,7,1,224.0,0
2026-02-04 15:54:33,0.0,0.0,0.26833333333333337,224,224,6,1,224.0,0
2026-02-04 15:54:34,8.3125,66.5,0.73375,3492770,2328688,8,4,873192.5,0
2026-02-04 15:54:35,0.0,0.0,2.672857142857143,358018,317914,7,4,89504.5,0
2026-02-04 15:54:36,3.5875,28.7,0.62125,3453719,3453607,8,2,1726859.5,0
2026-02-04 15:54:37,2.0285714285714285,14.2,1.362857142857143,20767828,20761156,7,3,6922609.333333333,0
2026-02-04 15:54:38,0.0,0.0,0.296,8053,8053,5,1,8053.0,0
2026-02-04 15:54:41,85.88333333333333,515.3,0.15833333333333333,163840,163840,6,1,163840.0,0
2026-02-04 15:54:42,0.0,0.0,0.14285714285714285,0,0,7,0,0.0,0
2026-02-04 15:54:43,0.0,0.0,0.13714285714285715,0,0,7,0,0.0,0
2026-02-04 15:54:44,0.0,0.0,0.3375,0,0,8,0,0.0,0
2026-02-04 15:54:45,0.0,0.0,0.12857142857142856,64,64,7,1,64.0,0
2026-02-04 15:54:46,0.0,0.0,0.2842857142857143,3460,3460,7,1,3460.0,0
2026-02-04 15:54:47,0.0,0.0,0.615,0,0,8,0,0.0,0
2026-02-04 15:54:48,0.0,0.0,0.17124999999999999,0,0,8,0,0.0,0
2026-02-04 15:54:49,0.0,0.0,0.33,332,332,8,1,332.0,0
2026-02-04 15:54:50,0.0,0.0,0.13375,0,0,8,0,0.0,0
2026-02-04 15:54:51,0.0,0.0,0.48750000000000004,0,0,8,0,0.0,0
2026-02-04 15:54:52,0.0,0.0,0.195,696320,696320,8,1,696320.0,0
2026-02-04 15:54:53,0.0,0.0,0.3255555555555556,0,0,9,0,0.0,0
2026-02-04 15:54:54,0.0,0.0,0.9775,2512,1456,8,2,1256.0,0
2026-02-04 15:54:55,0.0,0.0,0.53125,4288,4288,8,1,4288.0,0
2026-02-04 15:54:56,0.0,0.0,0.28375,176,176,8,1,176.0,0
2026-02-04 15:54:57,4.15,33.2,0.71625,8725948,6563005,8,3,2908649.3333333335,0
2026-02-04 15:54:58,1.8666666666666667,16.8,2.141111111111111,425347,425331,9,2,212673.5,0
2026-02-04 15:54:59,1.588888888888889,14.3,0.9055555555555556,7407614,7406942,9,3,2469204.6666666665,0
2026-02-04 15:55:00,0.0,0.0,0.8,18667785,18655696,10,5,3733557.0,0
2026-02-04 15:55:03,43.6375,349.1,0.1425,90112,61440,8,2,45056.0,0
2026-02-04 15:55:04,0.0,0.0,0.16333333333333336,0,0,9,0,0.0,0
2026-02-04 15:55:05,0.0,0.0,0.3155555555555556,2240,2016,9,3,746.6666666666666,0
2026-02-04 15:55:06,0.0,0.0,0.11777777777777779,64,64,9,1,64.0,0
2026-02-04 15:55:07,0.0,0.0,0.26,3412,3412,8,1,3412.0,0
2026-02-04 15:55:08,0.0,0.0,0.5966666666666667,0,0,9,0,0.0,0
2026-02-04 15:55:09,0.0,0.0,0.25125000000000003,0,0,8,0,0.0,0
2026-02-04 15:55:10,0.0,0.0,0.21666666666666667,0,0,9,0,0.0,0
2026-02-04 15:55:11,0.0,0.0,0.47375,0,0,8,0,0.0,0
2026-02-04 15:55:12,0.0,0.0,0.14857142857142858,0,0,7,0,0.0,0
2026-02-04 15:55:13,0.0,0.0,0.32,282736,282624,9,2,141368.0,0
2026-02-04 15:55:14,0.0,0.0,0.81375,14304,12288,8,2,7152.0,0
2026-02-04 15:55:15,0.0,0.0,0.5422222222222222,8398,4918,9,3,2799.3333333333335,0
2026-02-04 15:55:16,0.0,0.0,0.35874999999999996,0,0,8,0,0.0,0
2026-02-04 15:55:17,10.922222222222222,67.2,0.7044444444444444,11499366,8321325,9,4,2874841.5,0
2026-02-04 15:55:18,0.0,0.0,2.3737500000000002,708236,707436,8,5,141647.2,0
2026-02-04 15:55:19,0.0,0.0,0.2677777777777778,224,224,9,1,224.0,0
2026-02-04 15:55:20,6.2375,49.9,1.82,28227702,18287640,8,4,7056925.5,0
2026-02-04 15:55:21,0.0,0.0,0.296,8387,8051,5,3,2795.6666666666665,0
2026-02-04 15:55:24,82.86666666666666,497.2,0.15833333333333333,122880,110592,6,2,61440.0,0
2026-02-04 15:55:25,0.0,0.0,0.14285714285714285,0,0,7,0,0.0,0
2026-02-04 15:55:26,0.0,0.0,0.13714285714285715,0,0,7,0,0.0,0
2026-02-04 15:55:27,0.0,0.0,0.33875,784,448,8,2,392.0,0
2026-02-04 15:55:28,0.0,0.0,0.12857142857142856,48,48,7,1,48.0,0
2026-02-04 15:55:29,0.0,0.0,0.27999999999999997,7517,3969,7,2,3758.5,0
2026-02-04 15:55:30,0.0,0.0,0.64,0,0,7,0,0.0,0
2026-02-04 15:55:31,0.0,0.0,0.17857142857142858,0,0,7,0,0.0,0
2026-02-04 15:55:32,0.0,0.0,0.35000000000000003,0,0,7,0,0.0,0
2026-02-04 15:55:33,0.0,0.0,0.15571428571428572,0,0,7,0,0.0,0
2026-02-04 15:55:34,2.042857142857143,14.3,0.5,0,0,7,0,0.0,0
2026-02-04 15:55:35,0.0,0.0,0.15166666666666664,0,0,6,0,0.0,0
2026-02-04 15:55:36,0.0,0.0,0.2671428571428572,41296,40960,7,2,20648.0,0
2026-02-04 15:55:37,0.0,0.0,0.2942857142857143,0,0,7,0,0.0,0
2026-02-04 15:55:38,0.0,0.0,1.082857142857143,9733,6821,7,3,3244.3333333333335,0
2026-02-04 15:55:39,0.0,0.0,0.43857142857142856,1008,1008,7,1,1008.0,0
2026-02-04 15:55:40,0.0,0.0,0.3842857142857143,12,12,7,1,12.0,0
2026-02-04 15:55:41,0.0,0.0,0.7714285714285715,34500918,30068671,7,3,11500306.0,0
2026-02-04 15:55:42,8.114285714285714,56.8,2.46,946148,802568,7,5,189229.6,0
2026-02-04 15:55:43,0.0,0.0,0.46571428571428575,372866,372866,7,1,372866.0,0
2026-02-04 15:55:44,0.0,0.0,0.7242857142857142,92200,91752,7,2,46100.0,0
2026-02-04 15:55:45,4.414285714285715,16.6,1.4314285714285713,23738332,18210168,7,3,7912777.333333333,0
2026-02-04 15:55:46,0.0,0.0,0.21333333333333335,112233,104256,3,2,56116.5,0
2026-02-04 15:55:49,99.73333333333333,299.2,0.25333333333333335,331776,331776,3,1,331776.0,0
2026-02-04 15:55:50,0.0,0.0,0.075,0,0,6,0,0.0,0
2026-02-04 15:55:51,0.0,0.0,0.155,0,0,6,0,0.0,0
2026-02-04 15:55:52,0.0,0.0,0.14166666666666666,0,0,6,0,0.0,0
2026-02-04 15:55:53,0.0,0.0,0.37166666666666665,28176,28176,6,1,28176.0,0
2026-02-04 15:55:54,0.0,0.0,0.11833333333333333,64,64,6,1,64.0,0
2026-02-04 15:55:55,0.0,0.0,0.3333333333333333,44679,41355,6,2,22339.5,0
2026-02-04 15:55:56,0.0,0.0,0.62,0,0,7,0,0.0,0
2026-02-04 15:55:57,0.0,0.0,0.16833333333333333,0,0,6,0,0.0,0
2026-02-04 15:55:58,0.0,0.0,0.2866666666666667,0,0,6,0,0.0,0
2026-02-04 15:55:59,0.0,0.0,0.24166666666666667,0,0,6,0,0.0,0
2026-02-04 15:56:00,0.0,0.0,0.14833333333333334,0,0,6,0,0.0,0
2026-02-04 15:56:01,0.0,0.0,0.49428571428571433,0,0,7,0,0.0,0
2026-02-04 15:56:02,0.0,0.0,0.16999999999999998,0,0,5,0,0.0,0
2026-02-04 15:56:03,0.0,0.0,0.22166666666666668,12400,12288,6,2,6200.0,0
2026-02-04 15:56:04,0.0,0.0,0.36333333333333334,263680,263680,6,1,263680.0,0
2026-02-04 15:56:05,0.0,0.0,0.9285714285714286,5440,4096,7,2,2720.0,0
2026-02-04 15:56:06,0.0,0.0,0.46166666666666667,3462586,3462362,6,2,1731293.0,0
2026-02-04 15:56:07,0.0,0.0,0.5428571428571428,208,112,7,2,104.0,0
2026-02-04 15:56:08,0.0,0.0,0.5000000000000001,112,112,6,1,112.0,0
2026-02-04 15:56:09,2.0285714285714285,14.2,0.8871428571428571,33621149,24529973,7,3,11207049.666666666,0
2026-02-04 15:56:10,0.0,0.0,2.6683333333333334,309080,308280,6,4,77270.0,0
2026-02-04 15:56:11,0.0,0.0,0.47714285714285715,308593,308593,7,1,308593.0,0
2026-02-04 15:56:12,0.0,0.0,0.8566666666666666,95720,95496,6,2,47860.0,0
2026-02-04 15:56:13,0.0,0.0,1.48,15545732,14847844,7,3,5181910.666666667,0
2026-02-04 15:56:14,0.0,0.0,0.185,8152,7928,4,2,4076.0,0
2026-02-04 15:56:17,207.85,415.7,0.0,303104,303104,2,1,303104.0,0
2026-02-04 15:56:18,0.0,0.0,0.19333333333333333,61440,61440,6,1,61440.0,0
2026-02-04 15:56:19,0.0,0.0,0.20833333333333334,0,0,6,0,0.0,0
2026-02-04 15:56:20,0.0,0.0,0.16166666666666668,0,0,6,0,0.0,0
2026-02-04 15:56:21,0.0,0.0,0.375,952,952,6,1,952.0,0
2026-02-04 15:56:22,0.0,0.0,0.12666666666666668,224,224,6,1,224.0,0
2026-02-04 15:56:23,0.0,0.0,0.15666666666666665,4436,4372,6,2,2218.0,0
2026-02-04 15:56:24,0.0,0.0,0.2816666666666667,0,0,6,0,0.0,0
2026-02-04 15:56:25,0.0,0.0,0.6942857142857143,0,0,7,0,0.0,0
2026-02-04 15:56:26,0.0,0.0,0.18999999999999997,11264,11264,6,1,11264.0,0
2026-02-04 15:56:27,0.0,0.0,0.355,0,0,6,0,0.0,0
2026-02-04 15:56:28,0.0,0.0,0.17500000000000002,0,0,6,0,0.0,0
2026-02-04 15:56:29,0.0,0.0,0.15833333333333333,0,0,6,0,0.0,0
2026-02-04 15:56:30,2.766666666666667,16.6,0.5533333333333333,0,0,6,0,0.0,0
2026-02-04 15:56:31,0.0,0.0,0.39999999999999997,290816,290816,7,1,290816.0,0
2026-02-04 15:56:32,0.0,0.0,0.32666666666666666,57568,57344,6,2,28784.0,0
2026-02-04 15:56:33,0.0,0.0,0.2928571428571428,184320,184320,7,1,184320.0,0
2026-02-04 15:56:34,0.0,0.0,1.6583333333333332,448,448,6,1,448.0,0
2026-02-04 15:56:35,0.0,0.0,0.5,17378,17154,7,2,8689.0,0
2026-02-04 15:56:36,0.0,0.0,0.6166666666666666,1277444,1276884,6,2,638722.0,0
2026-02-04 15:56:37,0.0,0.0,0.48500000000000004,708,336,6,3,236.0,0
2026-02-04 15:56:38,14.242857142857144,99.7,0.9,37296059,31710149,7,3,12432019.666666666,0
2026-02-04 15:56:39,0.0,0.0,2.66,14032,13008,6,4,3508.0,0
2026-02-04 15:56:40,0.0,0.0,0.46714285714285714,294715,294715,7,1,294715.0,0
2026-02-04 15:56:41,0.0,0.0,0.41,224,224,6,1,224.0,0
2026-02-04 15:56:42,0.0,0.0,1.2457142857142856,3216728,3200056,7,3,1072242.6666666667,0
2026-02-04 15:56:43,0.0,0.0,0.28833333333333333,34210,26120,6,3,11403.333333333334,0
2026-02-04 15:56:44,0.0,0.0,0.51,0,0,1,0,0.0,0
2026-02-04 15:56:47,119.67999999999999,598.4,0.174,122880,122880,5,1,122880.0,0
2026-02-04 15:56:48,0.0,0.0,0.11571428571428573,0,0,7,0,0.0,0
2026-02-04 15:56:49,0.0,0.0,0.21333333333333335,224,224,6,1,224.0,0
2026-02-04 15:56:50,0.0,0.0,0.15166666666666667,0,0,6,0,0.0,0
2026-02-04 15:56:51,0.0,0.0,0.37833333333333335,2240,2016,6,2,1120.0,0
2026-02-04 15:56:52,0.0,0.0,0.11833333333333333,64,64,6,1,64.0,0
2026-02-04 15:56:53,0.0,0.0,0.3383333333333334,7522,6162,6,2,3761.0,0
2026-02-04 15:56:54,0.0,0.0,0.5916666666666667,0,0,6,0,0.0,0
2026-02-04 15:56:55,0.0,0.0,0.27499999999999997,0,0,6,0,0.0,0
2026-02-04 15:56:56,0.0,0.0,0.2966666666666667,0,0,6,0,0.0,0
2026-02-04 15:56:57,0.0,0.0,0.24166666666666667,0,0,6,0,0.0,0
2026-02-04 15:56:58,0.0,0.0,0.15833333333333335,0,0,6,0,0.0,0
2026-02-04 15:56:59,0.0,0.0,0.12833333333333333,0,0,6,0,0.0,0
2026-02-04 15:57:00,0.0,0.0,1.05,2973134,2973134,6,1,2973134.0,0
2026-02-04 15:57:01,0.0,0.0,0.14333333333333334,0,0,6,0,0.0,0
2026-02-04 15:57:02,0.0,0.0,0.4014285714285714,286944,286720,7,2,143472.0,0
2026-02-04 15:57:03,0.0,0.0,0.7975,4880,4096,8,3,1626.6666666666667,0
2026-02-04 15:57:04,0.0,0.0,0.5528571428571428,4400,2896,7,3,1466.6666666666667,0
2026-02-04 15:57:05,0.0,0.0,0.5428571428571429,224,224,7,1,224.0,0
2026-02-04 15:57:06,0.0,0.0,0.43142857142857144,14951,14727,7,2,7475.5,0
2026-02-04 15:57:07,0.0,0.0,0.8771428571428571,5416063,3214779,7,3,1805354.3333333333,0
2026-02-04 15:57:08,0.0,0.0,2.2800000000000002,800,336,7,4,200.0,0
2026-02-04 15:57:09,0.0,0.0,0.4785714285714286,234893,234893,7,1,234893.0,0
2026-02-04 15:57:10,0.0,0.0,0.8628571428571429,103976,73136,7,4,25994.0,0
2026-02-04 15:57:11,0.0,0.0,0.8428571428571429,560,336,7,2,280.0,0
2026-02-04 15:57:12,0.0,0.0,0.29500000000000004,36373,27712,4,3,12124.333333333334,0
2026-02-04 15:57:15,88.64999999999999,531.9,0.16333333333333333,245760,180224,6,2,122880.0,0
2026-02-04 15:57:16,2.3714285714285714,16.6,0.19857142857142857,177624,177624,7,1,177624.0,0
2026-02-04 15:57:17,0.0,0.0,0.14250000000000002,0,0,8,0,0.0,0
2026-02-04 15:57:18,14.200000000000001,99.4,0.36,43288,43176,7,2,21644.0,0
2026-02-04 15:57:19,0.0,0.0,0.10875,64,64,8,1,64.0,0
2026-02-04 15:57:20,0.0,0.0,0.29857142857142854,4507892,4507780,7,2,2253946.0,0
2026-02-04 15:57:21,0.0,0.0,0.55875,0,0,8,0,0.0,0
2026-02-04 15:57:22,0.0,0.0,0.16999999999999998,0,0,8,0,0.0,0
2026-02-04 15:57:23,0.0,0.0,0.3628571428571429,0,0,7,0,0.0,0
2026-02-04 15:57:24,0.0,0.0,0.14375000000000002,0,0,8,0,0.0,0
2026-02-04 15:57:25,0.0,0.0,0.5028571428571429,0,0,7,0,0.0,0
2026-02-04 15:57:26,0.0,0.0,0.1625,0,0,8,0,0.0,0
2026-02-04 15:57:27,0.0,0.0,0.36875,12400,12288,8,2,6200.0,0
2026-02-04 15:57:28,0.0,0.0,0.6766666666666666,8805,8581,9,2,4402.5,0
2026-02-04 15:57:29,0.0,0.0,0.5177777777777778,336,336,9,1,336.0,0
2026-02-04 15:57:30,0.0,0.0,0.38,37564,37168,9,3,12521.333333333334,0
2026-02-04 15:57:31,0.0,0.0,2.2155555555555555,39636226,27361476,9,6,6606037.666666667,0
2026-02-04 15:57:32,0.0,0.0,0.73,8287395,8054834,8,2,4143697.5,0
2026-02-04 15:57:33,1.8444444444444446,16.6,1.0033333333333332,15864,14968,9,3,5288.0,0
2026-02-04 15:57:34,0.0,0.0,0.26749999999999996,9058,8386,8,3,3019.3333333333335,0
2026-02-04 15:57:37,58.8,470.4,0.21625,507904,323584,8,2,253952.0,0
2026-02-04 15:57:38,0.0,0.0,0.1325,0,0,8,0,0.0,0
2026-02-04 15:57:39,0.0,0.0,0.3022222222222222,0,0,9,0,0.0,0
2026-02-04 15:57:40,0.0,0.0,0.1311111111111111,2464,2016,9,2,1232.0,0
2026-02-04 15:57:41,11.144444444444444,100.3,0.25222222222222224,720,672,9,2,360.0,0
2026-02-04 15:57:42,0.0,0.0,0.49400000000000005,0,0,10,0,0.0,0
2026-02-04 15:57:43,0.0,0.0,0.13599999999999998,0,0,5,0,0.0,0
2026-02-04 15:57:44,0.0,0.0,0.31777777777777777,0,0,9,0,0.0,0
2026-02-04 15:57:45,0.0,0.0,0.13999999999999999,0,0,10,0,0.0,0
2026-02-04 15:57:46,3.1555555555555554,28.4,0.44999999999999996,0,0,9,0,0.0,0
2026-02-04 15:57:47,0.0,0.0,0.344,24912,24576,10,2,12456.0,0
2026-02-04 15:57:48,0.0,0.0,0.621,110951,61767,10,3,36983.666666666664,0
2026-02-04 15:57:49,0.0,0.0,0.47800000000000004,632,560,10,2,316.0,0
2026-02-04 15:57:50,0.0,0.0,0.6472727272727273,1120,560,11,2,560.0,0
2026-02-04 15:57:51,0.0,0.0,2.0290909090909093,71017611,57303479,11,7,10145373.0,0
2026-02-04 15:57:52,0.0,0.0,0.608,150040,150040,10,1,150040.0,0
2026-02-04 15:57:53,0.0,0.0,0.8345454545454545,72208,71312,11,3,24069.333333333332,0
2026-02-04 15:57:54,0.0,0.0,0.21,8268,8044,2,2,4134.0,0
2026-02-04 15:57:56,53.98,539.8,0.191,349280,339968,10,3,116426.66666666667,0
2026-02-04 15:57:57,0.0,0.0,0.14666666666666667,0,0,12,0,0.0,0
2026-02-04 15:57:58,0.0,0.0,0.25363636363636366,224,224,11,1,224.0,0
2026-02-04 15:57:59,0.0,0.0,0.2125,13238,9204,12,3,4412.666666666667,0
2026-02-04 15:58:00,0.0,0.0,0.4727272727272727,0,0,11,0,0.0,0
2026-02-04 15:58:01,0.0,0.0,0.26,0,0,12,0,0.0,0
2026-02-04 15:58:02,0.0,0.0,0.3818181818181818,0,0,11,0,0.0,0
2026-02-04 15:58:03,0.0,0.0,0.2025,672,672,12,1,672.0,0
2026-02-04 15:58:04,0.0,0.0,0.5183333333333334,448,448,12,1,448.0,0
2026-02-04 15:58:05,0.0,0.0,0.5283333333333333,1680,560,12,3,560.0,0
2026-02-04 15:58:06,0.0,0.0,0.5700000000000001,5226180,4514383,13,4,1306545.0,0
2026-02-04 15:58:07,0.0,0.0,1.9223076923076925,38078228,29393976,13,8,4759778.5,0
2026-02-04 15:58:08,0.0,0.0,0.7485714285714286,8499325,6971144,14,5,1699865.0,0
2026-02-04 15:58:09,0.0,0.0,0.2642857142857143,9152,8144,7,3,3050.6666666666665,0
2026-02-04 15:58:11,46.315384615384616,602.1,0.18,299342,163840,13,3,99780.66666666667,0
2026-02-04 15:58:12,0.0,0.0,0.25538461538461543,2016,2016,13,1,2016.0,0
2026-02-04 15:58:13,0.0,0.0,0.20642857142857143,400,224,14,3,133.33333333333334,0
2026-02-04 15:58:14,0.0,0.0,0.38357142857142856,0,0,14,0,0.0,0
2026-02-04 15:58:15,0.0,0.0,0.24666666666666667,0,0,15,0,0.0,0
2026-02-04 15:58:16,0.0,0.0,0.3335714285714286,0,0,14,0,0.0,0
2026-02-04 15:58:17,0.0,0.0,0.2673333333333333,558146,544768,15,3,186048.66666666666,0
2026-02-04 15:58:18,0.0,0.0,0.6433333333333333,12618,12618,15,1,12618.0,0
2026-02-04 15:58:19,2.1,33.6,0.62875,22317053,15422471,16,4,5579263.25,0
2026-02-04 15:58:20,0.0,0.0,1.218235294117647,6656550,6507480,17,3,2218850.0,0
2026-02-04 15:58:21,0.0,0.0,0.817,5189548,2736168,10,3,1729849.3333333333,0
2026-02-04 15:58:22,179.9333333333333,539.8,0.13,147456,147456,3,1,147456.0,0
2026-02-04 15:58:23,0.0,0.0,0.15333333333333332,17180,16384,15,2,8590.0,0
2026-02-04 15:58:24,0.0,0.0,0.22937500000000002,112,112,16,1,112.0,0
2026-02-04 15:58:25,0.0,0.0,0.3835294117647059,512,448,17,2,256.0,0
2026-02-04 15:58:26,0.0,0.0,0.24352941176470586,271232,271232,17,1,271232.0,0
2026-02-04 15:58:27,0.0,0.0,0.32941176470588235,0,0,17,0,0.0,0
2026-02-04 15:58:28,0.0,0.0,0.41111111111111115,28784,16384,18,3,9594.666666666666,0
2026-02-04 15:58:29,0.0,0.0,0.5235294117647059,29220,28924,17,4,7305.0,0
2026-02-04 15:58:30,0.0,0.0,1.2255555555555555,15979363,11879543,18,8,1997420.375,0
2026-02-04 15:58:31,0.0,0.0,0.9199999999999999,276535,167815,18,5,55307.0,0
2026-02-04 15:58:32,0.0,0.0,0.2866666666666667,8125,7901,6,3,2708.3333333333335,0
2026-02-04 15:58:33,30.775000000000002,369.3,0.16,33104,32768,12,2,16552.0,0
2026-02-04 15:58:34,0.0,0.0,0.22166666666666668,2016,2016,18,1,2016.0,0
2026-02-04 15:58:35,0.0,0.0,0.37222222222222223,4308,4244,18,2,2154.0,0
2026-02-04 15:58:36,0.0,0.0,0.23166666666666666,0,0,18,0,0.0,0
2026-02-04 15:58:37,0.0,0.0,0.3205555555555556,224,224,18,1,224.0,0
2026-02-04 15:58:38,0.0,0.0,0.3952631578947368,4320,4096,19,2,2160.0,0
2026-02-04 15:58:39,0.0,0.0,0.4972222222222222,15536,13008,18,5,3107.2,0
2026-02-04 15:58:40,0.0,0.0,1.36,891740,359163,18,10,89174.0,0
2026-02-04 15:58:41,0.0,0.0,0.7716666666666667,2743301,2592407,18,5,548660.2,0
2026-02-04 15:58:42,0.0,0.0,0.296,8644,8196,5,3,2881.3333333333335,0
2026-02-04 15:58:43,13.192857142857141,184.7,0.15357142857142855,172256,131072,14,3,57418.666666666664,0
2026-02-04 15:58:44,0.0,0.0,0.2177777777777778,120904,120680,18,2,60452.0,0
2026-02-04 15:58:45,0.0,0.0,0.3905882352941177,288,224,17,2,144.0,0
2026-02-04 15:58:46,0.0,0.0,0.23555555555555557,0,0,18,0,0.0,0
2026-02-04 15:58:47,0.0,0.0,0.31611111111111106,112,112,18,1,112.0,0
2026-02-04 15:58:48,0.0,0.0,0.4122222222222222,1183744,1150976,18,2,591872.0,0
2026-02-04 15:58:49,0.0,0.0,0.4972222222222222,10640,9296,18,2,5320.0,0
2026-02-04 15:58:50,0.0,0.0,1.3594444444444445,1548961,772670,18,6,258160.16666666666,0
2026-02-04 15:58:51,0.0,0.0,0.7894444444444445,4211676,4048192,18,3,1403892.0,0
2026-02-04 15:58:52,0.0,0.0,0.296,8196,8196,5,1,8196.0,0
2026-02-04 15:58:53,46.03076923076923,598.4,0.1576923076923077,356352,225280,13,2,178176.0,0
2026-02-04 15:58:54,0.0,0.0,0.22705882352941179,2016,2016,17,1,2016.0,0
2026-02-04 15:58:55,0.0,0.0,0.3476470588235294,64,64,17,1,64.0,0
2026-02-04 15:58:56,0.0,0.0,0.283125,0,0,16,0,0.0,0
2026-02-04 15:58:57,0.0,0.0,0.30874999999999997,1433600,1433600,16,1,1433600.0,0
2026-02-04 15:58:58,0.0,0.0,0.256875,8528,8192,16,2,4264.0,0
2026-02-04 15:58:59,0.0,0.0,0.5876470588235294,14532,12288,17,3,4844.0,0
2026-02-04 15:59:00,0.0,0.0,0.45375,1904,1008,16,2,952.0,0
2026-02-04 15:59:01,0.0,0.0,1.64125,7563139,5071472,16,8,945392.375,0
2026-02-04 15:59:02,1.79375,28.7,0.61875,672,560,16,2,336.0,0
2026-02-04 15:59:03,0.0,0.0,0.21,8181,8181,2,1,8181.0,0
2026-02-04 15:59:04,66.28888888888889,596.6,0.1711111111111111,163840,131072,9,2,81920.0,0
2026-02-04 15:59:05,0.0,0.0,0.13733333333333334,0,0,15,0,0.0,0
2026-02-04 15:59:06,0.0,0.0,0.3026666666666667,64,64,15,1,64.0,0
2026-02-04 15:59:07,0.0,0.0,0.3961538461538462,0,0,13,0,0.0,0
2026-02-04 15:59:08,0.0,0.0,0.24857142857142858,0,0,14,0,0.0,0
2026-02-04 15:59:09,0.0,0.0,0.3553846153846154,0,0,13,0,0.0,0
2026-02-04 15:59:10,0.0,0.0,0.23,1507552,1507328,14,2,753776.0,0
2026-02-04 15:59:11,2.05,28.7,0.535,273332,137178,14,5,54666.4,0
2026-02-04 15:59:12,0.0,0.0,0.7481818181818182,1448183,1090251,11,4,362045.75,0
2026-02-04 15:59:13,1.1857142857142857,16.6,1.3771428571428572,15162070,13715713,14,7,2166010.0,0
2026-02-04 15:59:14,0.0,0.0,0.566923076923077,511946,458226,13,3,170648.66666666666,0
2026-02-04 15:59:15,0.0,0.0,0.726,455863,446776,10,4,113965.75,0
2026-02-04 15:59:17,53.06666666666666,444.4,0.6633333333333334,9173972,9059284,9,2,4586986.0,0
2026-02-04 15:59:18,0.0,0.0,0.14076923076923079,9024,9024,13,1,9024.0,0
2026-02-04 15:59:19,0.0,0.0,0.24583333333333335,2352,2016,12,2,1176.0,0
2026-02-04 15:59:20,0.0,0.0,0.4466666666666666,36126,21298,12,3,12042.0,0
2026-02-04 15:59:21,0.0,0.0,0.20909090909090908,0,0,11,0,0.0,0
2026-02-04 15:59:22,0.0,0.0,0.2791666666666667,0,0,12,0,0.0,0
2026-02-04 15:59:23,0.0,0.0,0.38181818181818183,0,0,11,0,0.0,0
2026-02-04 15:59:24,0.0,0.0,0.22833333333333336,4208,4096,12,2,2104.0,0
2026-02-04 15:59:25,0.0,0.0,0.505,602856,475136,12,2,301428.0,0
2026-02-04 15:59:26,0.0,0.0,0.605,30782,30546,12,3,10260.666666666666,0
2026-02-04 15:59:27,4.933333333333334,42.6,0.7391666666666667,9316690,6662408,12,4,2329172.5,0
2026-02-04 15:59:28,0.0,0.0,1.580909090909091,282251,152115,11,5,56450.2,0
2026-02-04 15:59:29,0.0,0.0,0.5700000000000001,26384,26272,11,2,13192.0,0
2026-02-04 15:59:30,0.0,0.0,0.196,7874,7874,5,1,7874.0,0
2026-02-04 15:59:32,56.1125,415.7,0.8625,16057396,15754292,8,3,5352465.333333333,0
2026-02-04 15:59:33,0.0,0.0,0.127,0,0,10,0,0.0,0
2026-02-04 15:59:34,1.3,14.3,0.2727272727272727,48848,48848,11,1,48848.0,0
2026-02-04 15:59:35,0.0,0.0,0.242,8168,8120,10,2,4084.0,0
2026-02-04 15:59:36,0.0,0.0,0.45500000000000007,0,0,10,0,0.0,0
2026-02-04 15:59:37,0.0,0.0,0.252,0,0,10,0,0.0,0
2026-02-04 15:59:38,0.0,0.0,0.25555555555555554,0,0,9,0,0.0,0
2026-02-04 15:59:39,0.0,0.0,0.14777777777777779,0,0,9,0,0.0,0
2026-02-04 15:59:40,0.0,0.0,0.41200000000000003,0,0,10,0,0.0,0
2026-02-04 15:59:41,0.0,0.0,0.29700000000000004,765952,765952,10,1,765952.0,0
2026-02-04 15:59:42,0.0,0.0,0.5633333333333334,17056,16384,9,2,8528.0,0
2026-02-04 15:59:43,0.0,0.0,0.681,0,0,10,0,0.0,0
2026-02-04 15:59:44,0.0,0.0,0.369,0,0,10,0,0.0,0
2026-02-04 15:59:45,10.03,100.3,1.966,2090151,1038644,10,5,418030.2,0
2026-02-04 15:59:46,0.0,0.0,0.48600000000000004,166821,166821,10,1,166821.0,0
2026-02-04 15:59:47,0.0,0.0,0.4977777777777778,18732,10864,9,2,9366.0,0
2026-02-04 15:59:48,0.0,0.0,0.24,0,0,1,0,0.0,0
2026-02-04 15:59:50,72.0,487.4,0.8257142857142857,8283952,7882544,7,3,2761317.3333333335,0
2026-02-04 15:59:51,0.0,0.0,0.13125,0,0,8,0,0.0,0
2026-02-04 15:59:52,0.0,0.0,0.1322222222222222,0,0,9,0,0.0,0
2026-02-04 15:59:53,0.0,0.0,0.3025,2016,2016,8,1,2016.0,0
2026-02-04 15:59:54,0.0,0.0,0.26111111111111107,3220,3156,9,2,1610.0,0
2026-02-04 15:59:55,0.0,0.0,0.48666666666666664,0,0,9,0,0.0,0
2026-02-04 15:59:56,0.0,0.0,0.1675,0,0,8,0,0.0,0
2026-02-04 15:59:57,0.0,0.0,0.36000000000000004,0,0,9,0,0.0,0
2026-02-04 15:59:58,0.0,0.0,0.15125,0,0,8,0,0.0,0
2026-02-04 15:59:59,0.0,0.0,0.5042857142857143,0,0,7,0,0.0,0
2026-02-04 16:00:00,0.0,0.0,0.1625,0,0,8,0,0.0,0
2026-02-04 16:00:01,0.0,0.0,0.34111111111111114,112,112,9,1,112.0,0
2026-02-04 16:00:02,0.0,0.0,0.60375,784,784,8,1,784.0,0
2026-02-04 16:00:03,0.0,0.0,0.80375,224,224,8,1,224.0,0
2026-02-04 16:00:04,0.0,0.0,0.3325,224,224,8,1,224.0,0
2026-02-04 16:00:05,12.6,100.8,0.8325,782216,381958,8,4,195554.0,0
2026-02-04 16:00:06,0.0,0.0,2.11125,157380,156360,8,5,31476.0,0
2026-02-04 16:00:07,0.0,0.0,0.5977777777777777,1904,1680,9,2,952.0,0
2026-02-04 16:00:08,0.0,0.0,0.16875,8113,7889,8,2,4056.5,0
2026-02-04 16:00:11,138.56666666666666,415.7,1.6133333333333333,6430668,6299596,3,2,3215334.0,0
2026-02-04 16:00:12,0.0,0.0,0.1757142857142857,94208,94208,7,1,94208.0,0
2026-02-04 16:00:13,0.0,0.0,0.14142857142857143,0,0,7,0,0.0,0
2026-02-04 16:00:14,0.0,0.0,0.14285714285714285,0,0,7,0,0.0,0
2026-02-04 16:00:15,0.0,0.0,0.33428571428571424,224,224,7,1,224.0,0
2026-02-04 16:00:16,0.0,0.0,0.14714285714285716,3340,3276,7,2,1670.0,0
2026-02-04 16:00:17,0.0,0.0,0.59,0,0,8,0,0.0,0
2026-02-04 16:00:18,0.0,0.0,0.24857142857142858,0,0,7,0,0.0,0
2026-02-04 16:00:19,2.0285714285714285,14.2,0.2985714285714286,0,0,7,0,0.0,0
2026-02-04 16:00:20,0.0,0.0,0.25857142857142856,224,224,7,1,224.0,0
2026-02-04 16:00:21,0.0,0.0,0.16,0,0,7,0,0.0,0
2026-02-04 16:00:22,0.0,0.0,0.5,0,0,7,0,0.0,0
2026-02-04 16:00:23,0.0,0.0,0.16999999999999998,0,0,7,0,0.0,0
2026-02-04 16:00:24,0.0,0.0,0.325,112,112,6,1,112.0,0
2026-02-04 16:00:25,0.0,0.0,0.25142857142857145,12288,12288,7,1,12288.0,0
2026-02-04 16:00:26,0.0,0.0,0.65,28741,28741,7,1,28741.0,0
2026-02-04 16:00:27,0.0,0.0,0.9516666666666667,0,0,6,0,0.0,0
2026-02-04 16:00:28,0.0,0.0,0.42428571428571427,0,0,7,0,0.0,0
2026-02-04 16:00:29,0.0,0.0,0.7642857142857142,172992,107792,7,2,86496.0,0
2026-02-04 16:00:30,14.242857142857144,99.7,2.2414285714285715,133184,133168,7,2,66592.0,0
2026-02-04 16:00:31,0.0,0.0,0.525,150091,150091,6,1,150091.0,0
2026-02-04 16:00:32,0.0,0.0,0.7285714285714285,1344,1344,7,1,1344.0,0
2026-02-04 16:00:33,0.0,0.0,0.15714285714285717,7890,7890,7,1,7890.0,0
2026-02-04 16:00:34,0.0,0.0,0.24,0,0,1,0,0.0,0
2026-02-04 16:00:37,66.51666666666667,382.3,0.9483333333333334,7368000,7368000,6,1,7368000.0,0
2026-02-04 16:00:38,0.0,0.0,0.11333333333333333,0,0,6,0,0.0,0
2026-02-04 16:00:39,0.0,0.0,0.12833333333333333,0,0,6,0,0.0,0
2026-02-04 16:00:40,0.0,0.0,0.15166666666666667,0,0,6,0,0.0,0
2026-02-04 16:00:41,0.0,0.0,0.3766666666666667,2016,2016,6,1,2016.0,0
2026-02-04 16:00:42,0.0,0.0,0.12,64,64,6,1,64.0,0
2026-02-04 16:00:43,0.0,0.0,0.31,3168,3168,6,1,3168.0,0
2026-02-04 16:00:44,0.0,0.0,0.6028571428571429,0,0,7,0,0.0,0
2026-02-04 16:00:45,0.0,0.0,0.18666666666666668,0,0,6,0,0.0,0
2026-02-04 16:00:46,0.0,0.0,0.30333333333333334,0,0,6,0,0.0,0
2026-02-04 16:00:47,0.0,0.0,0.28833333333333333,0,0,6,0,0.0,0
2026-02-04 16:00:48,0.0,0.0,0.16666666666666666,167936,167936,6,1,167936.0,0
2026-02-04 16:00:49,0.0,0.0,0.12833333333333333,0,0,6,0,0.0,0
2026-02-04 16:00:50,0.0,0.0,0.6,0,0,6,0,0.0,0
2026-02-04 16:00:51,0.0,0.0,0.20166666666666666,36864,36864,6,1,36864.0,0
2026-02-04 16:00:52,0.0,0.0,0.3385714285714286,0,0,7,0,0.0,0
2026-02-04 16:00:53,0.0,0.0,0.6616666666666666,0,0,6,0,0.0,0
2026-02-04 16:00:54,0.0,0.0,0.45999999999999996,336,336,7,1,336.0,0
2026-02-04 16:00:55,0.0,0.0,0.7366666666666667,0,0,6,0,0.0,0
2026-02-04 16:00:56,0.0,0.0,0.405,0,0,6,0,0.0,0
2026-02-04 16:00:57,14.200000000000001,99.4,0.9428571428571428,416690,153784,7,3,138896.66666666666,0
2026-02-04 16:00:58,0.0,0.0,2.3483333333333336,128,112,6,2,64.0,0
2026-02-04 16:00:59,0.0,0.0,0.48285714285714293,166380,166380,7,1,166380.0,0
2026-02-04 16:01:00,0.0,0.0,0.8333333333333334,1008,1008,6,1,1008.0,0
2026-02-04 16:01:01,0.0,0.0,0.17142857142857143,7878,7878,7,1,7878.0,0
2026-02-04 16:01:05,54.916666666666664,301.0,0.955,7232052,6818356,6,3,2410684.0,0
2026-02-04 16:01:06,0.0,0.0,0.11499999999999999,0,0,6,0,0.0,0
2026-02-04 16:01:07,0.0,0.0,0.17,0,0,6,0,0.0,0
2026-02-04 16:01:08,2.3833333333333333,14.3,0.3466666666666667,0,0,6,0,0.0,0
2026-02-04 16:01:09,0.0,0.0,0.13,393216,393216,6,1,393216.0,0
2026-02-04 16:01:10,0.0,0.0,0.15833333333333333,3248,3200,6,2,1624.0,0
2026-02-04 16:01:11,0.0,0.0,0.25142857142857145,0,0,7,0,0.0,0
2026-02-04 16:01:12,0.0,0.0,0.6833333333333332,0,0,6,0,0.0,0
2026-02-04 16:01:13,0.0,0.0,0.18833333333333332,0,0,6,0,0.0,0
2026-02-04 16:01:14,0.0,0.0,0.31,0,0,6,0,0.0,0
2026-02-04 16:01:15,0.0,0.0,0.29333333333333333,0,0,6,0,0.0,0
2026-02-04 16:01:16,0.0,0.0,0.15833333333333335,0,0,6,0,0.0,0
2026-02-04 16:01:17,0.0,0.0,0.5,0,0,7,0,0.0,0
2026-02-04 16:01:18,0.0,0.0,0.165,0,0,6,0,0.0,0
2026-02-04 16:01:19,0.0,0.0,0.29000000000000004,688128,688128,6,1,688128.0,0
2026-02-04 16:01:20,0.0,0.0,0.27714285714285714,12288,12288,7,1,12288.0,0
2026-02-04 16:01:21,0.0,0.0,0.7283333333333334,0,0,6,0,0.0,0
2026-02-04 16:01:22,0.0,0.0,0.48500000000000004,0,0,6,0,0.0,0
2026-02-04 16:01:23,0.0,0.0,0.7985714285714286,0,0,7,0,0.0,0
2026-02-04 16:01:24,0.0,0.0,0.295,36467,36467,6,1,36467.0,0
2026-02-04 16:01:25,12.171428571428573,85.2,0.8614285714285714,640480,204800,7,5,128096.0,0
2026-02-04 16:01:26,0.0,0.0,2.7083333333333335,164539,163967,6,4,41134.75,0
2026-02-04 16:01:27,0.0,0.0,0.19142857142857145,0,0,7,0,0.0,0
2026-02-04 16:01:28,0.0,0.0,0.7716666666666666,1456,1232,6,2,728.0,0
2026-02-04 16:01:29,0.0,0.0,0.196,8096,7872,5,2,4048.0,0
2026-02-04 16:01:32,432.2,432.2,0.0,0,0,1,0,0.0,0
2026-02-04 16:01:33,0.0,0.0,0.9733333333333333,6454572,6450476,6,2,3227286.0,0
2026-02-04 16:01:34,0.0,0.0,0.14142857142857143,0,0,7,0,0.0,0
2026-02-04 16:01:35,0.0,0.0,0.12833333333333333,0,0,6,0,0.0,0
2026-02-04 16:01:36,2.3833333333333333,14.3,0.39166666666666666,2240,2016,6,2,1120.0,0
2026-02-04 16:01:37,0.0,0.0,0.105,0,0,6,0,0.0,0
2026-02-04 16:01:38,0.0,0.0,0.3283333333333333,3552,3488,6,2,1776.0,0
2026-02-04 16:01:39,0.0,0.0,0.10333333333333333,0,0,6,0,0.0,0
2026-02-04 16:01:40,0.0,0.0,0.6457142857142857,0,0,7,0,0.0,0
2026-02-04 16:01:41,0.0,0.0,0.1366666666666667,0,0,6,0,0.0,0
2026-02-04 16:01:42,0.0,0.0,0.44166666666666665,224,224,6,1,224.0,0
2026-02-04 16:01:43,0.0,0.0,0.16833333333333333,0,0,6,0,0.0,0
2026-02-04 16:01:44,0.0,0.0,0.16666666666666666,0,0,6,0,0.0,0
2026-02-04 16:01:45,0.0,0.0,0.5328571428571428,0,0,7,0,0.0,0
2026-02-04 16:01:46,0.0,0.0,0.145,0,0,6,0,0.0,0
2026-02-04 16:01:47,0.0,0.0,0.32333333333333336,224,224,6,1,224.0,0
2026-02-04 16:01:48,0.0,0.0,0.3771428571428571,0,0,7,0,0.0,0
2026-02-04 16:01:49,0.0,0.0,0.5966666666666667,974,974,6,1,974.0,0
2026-02-04 16:01:50,0.0,0.0,0.9483333333333333,224,224,6,1,224.0,0
2026-02-04 16:01:51,0.0,0.0,0.4228571428571429,224,224,7,1,224.0,0
2026-02-04 16:01:52,0.0,0.0,0.7733333333333333,39936,39712,6,2,19968.0,0
2026-02-04 16:01:53,19.2,134.4,2.067142857142857,204156,128912,7,5,40831.2,0
2026-02-04 16:01:54,0.0,0.0,0.8099999999999999,155565,155565,6,1,155565.0,0
2026-02-04 16:01:55,0.0,0.0,0.3016666666666667,0,0,6,0,0.0,0
2026-02-04 16:01:56,0.0,0.0,0.5985714285714286,672,672,7,1,672.0,0
2026-02-04 16:01:57,0.0,0.0,0.21,7854,7854,2,1,7854.0,0
2026-02-04 16:02:00,118.275,473.1,1.4075,8416996,8285924,4,2,4208498.0,0
2026-02-04 16:02:01,0.0,0.0,0.08166666666666667,0,0,6,0,0.0,0
2026-02-04 16:02:02,0.0,0.0,0.14333333333333334,0,0,6,0,0.0,0
2026-02-04 16:02:03,0.0,0.0,0.15,0,0,6,0,0.0,0
2026-02-04 16:02:04,7.166666666666667,43.0,0.37333333333333335,0,0,6,0,0.0,0
2026-02-04 16:02:05,0.0,0.0,0.11666666666666668,0,0,6,0,0.0,0
2026-02-04 16:02:06,0.0,0.0,0.2957142857142857,3260,3196,7,2,1630.0,0
2026-02-04 16:02:07,0.0,0.0,0.5666666666666667,0,0,6,0,0.0,0
2026-02-04 16:02:08,0.0,0.0,0.25857142857142856,0,0,7,0,0.0,0
2026-02-04 16:02:09,0.0,0.0,0.2885714285714286,0,0,7,0,0.0,0
2026-02-04 16:02:10,0.0,0.0,0.26999999999999996,0,0,7,0,0.0,0
2026-02-04 16:02:11,0.0,0.0,0.14857142857142858,0,0,7,0,0.0,0
2026-02-04 16:02:12,0.0,0.0,0.5157142857142858,0,0,7,0,0.0,0
2026-02-04 16:02:13,0.0,0.0,0.1657142857142857,0,0,7,0,0.0,0
2026-02-04 16:02:14,0.0,0.0,0.3457142857142857,471040,471040,7,1,471040.0,0
2026-02-04 16:02:15,0.0,0.0,0.6171428571428572,184320,184320,7,1,184320.0,0
2026-02-04 16:02:16,0.0,0.0,0.45999999999999996,0,0,7,0,0.0,0
2026-02-04 16:02:17,0.0,0.0,0.6514285714285714,0,0,7,0,0.0,0
2026-02-04 16:02:18,0.0,0.0,0.45999999999999996,0,0,7,0,0.0,0
2026-02-04 16:02:19,12.6,100.8,2.21625,411026,253250,8,3,137008.66666666666,0
2026-02-04 16:02:20,0.0,0.0,0.7114285714285715,201298,164874,7,3,67099.33333333333,0
2026-02-04 16:02:21,0.0,0.0,0.6475,560,560,8,1,560.0,0
2026-02-04 16:02:22,0.0,0.0,0.17714285714285713,7771,7771,7,1,7771.0,0
2026-02-04 16:02:25,66.52000000000001,315.8,1.158,4345932,4317260,5,2,2172966.0,0
2026-02-04 16:02:26,0.0,0.0,0.09857142857142856,0,0,7,0,0.0,0
2026-02-04 16:02:27,0.0,0.0,0.14875,0,0,8,0,0.0,0
2026-02-04 16:02:28,0.0,0.0,0.3125,2016,2016,8,1,2016.0,0
2026-02-04 16:02:29,0.0,0.0,0.11142857142857143,48,48,7,1,48.0,0
2026-02-04 16:02:30,0.0,0.0,0.2942857142857142,7305,3969,7,2,3652.5,0
2026-02-04 16:02:31,0.0,0.0,0.5375,0,0,8,0,0.0,0
2026-02-04 16:02:32,0.0,0.0,0.1675,0,0,8,0,0.0,0
2026-02-04 16:02:33,0.0,0.0,0.385,0,0,8,0,0.0,0
2026-02-04 16:02:34,0.0,0.0,0.1511111111111111,0,0,9,0,0.0,0
2026-02-04 16:02:35,0.0,0.0,0.48750000000000004,0,0,8,0,0.0,0
2026-02-04 16:02:36,0.0,0.0,0.26555555555555554,0,0,9,0,0.0,0
2026-02-04 16:02:37,0.0,0.0,0.33999999999999997,0,0,8,0,0.0,0
2026-02-04 16:02:38,0.0,0.0,0.6277777777777778,224,224,9,1,224.0,0
2026-02-04 16:02:39,0.0,0.0,0.7188888888888889,0,0,9,0,0.0,0
2026-02-04 16:02:40,11.077777777777778,99.7,0.7544444444444445,341275,130368,9,3,113758.33333333333,0
2026-02-04 16:02:41,0.0,0.0,1.8666666666666667,149325,149201,9,3,49775.0,0
2026-02-04 16:02:42,0.0,0.0,0.2733333333333333,0,0,9,0,0.0,0
2026-02-04 16:02:43,0.0,0.0,0.54875,8564,7780,8,3,2854.6666666666665,0
2026-02-04 16:02:45,200.7,200.7,0.0,0,0,1,0,0.0,0
2026-02-04 16:02:46,0.0,0.0,0.69,8902188,8771116,9,2,4451094.0,0
2026-02-04 16:02:47,1.5777777777777777,14.2,0.1288888888888889,0,0,9,0,0.0,0
2026-02-04 16:02:48,4.99,49.9,0.29200000000000004,224,224,10,1,224.0,0
2026-02-04 16:02:49,0.0,0.0,0.1411111111111111,3512,3448,9,2,1756.0,0
2026-02-04 16:02:50,0.0,0.0,0.49000000000000005,0,0,10,0,0.0,0
2026-02-04 16:02:51,0.0,0.0,0.23333333333333334,0,0,9,0,0.0,0
2026-02-04 16:02:52,0.0,0.0,0.3522222222222222,224,224,9,1,224.0,0
2026-02-04 16:02:53,0.0,0.0,0.148,0,0,10,0,0.0,0
2026-02-04 16:02:54,0.0,0.0,0.3954545454545455,0,0,11,0,0.0,0
2026-02-04 16:02:55,0.0,0.0,0.313,1392640,1392640,10,1,1392640.0,0
2026-02-04 16:02:56,0.0,0.0,0.5381818181818182,12848,12288,11,2,6424.0,0
2026-02-04 16:02:57,0.0,0.0,0.7018181818181818,448,224,11,2,224.0,0
2026-02-04 16:02:58,9.163636363636364,100.8,0.6436363636363637,594562,435490,11,4,148640.5,0
2026-02-04 16:02:59,0.0,0.0,1.560909090909091,151666,150978,11,5,30333.2,0
2026-02-04 16:03:00,0.0,0.0,0.5599999999999999,784,560,10,2,392.0,0
2026-02-04 16:03:01,0.0,0.0,0.21333333333333335,7941,7717,3,2,3970.5,0
2026-02-04 16:03:03,45.708333333333336,548.5,0.5458333333333333,8993124,8841572,12,3,2997708.0,0
2026-02-04 16:03:04,0.0,0.0,0.14,0,0,12,0,0.0,0
2026-02-04 16:03:05,0.0,0.0,0.25363636363636366,2080,2016,11,2,1040.0,0
2026-02-04 16:03:06,0.0,0.0,0.44916666666666666,3232,3232,12,1,3232.0,0
2026-02-04 16:03:07,0.0,0.0,0.21,0,0,11,0,0.0,0
2026-02-04 16:03:08,0.0,0.0,0.30416666666666664,0,0,12,0,0.0,0
2026-02-04 16:03:09,0.0,0.0,0.35916666666666663,0,0,12,0,0.0,0
2026-02-04 16:03:10,0.0,0.0,0.25583333333333336,1167360,1167360,12,1,1167360.0,0
2026-02-04 16:03:11,0.0,0.0,0.4857142857142857,750,750,14,1,750.0,0
2026-02-04 16:03:12,1.1,14.3,0.6115384615384616,0,0,13,0,0.0,0
2026-02-04 16:03:13,9.853846153846156,99.7,1.389230769230769,701590,420410,13,4,175397.5,0
2026-02-04 16:03:14,0.0,0.0,0.6035714285714285,168849,167841,14,2,84424.5,0
2026-02-04 16:03:15,0.0,0.0,0.185,7787,7787,4,1,7787.0,0
2026-02-04 16:03:16,121.10000000000001,349.1,1.6666666666666667,8257960,8257960,3,1,8257960.0,0
2026-02-04 16:03:17,0.0,0.0,0.1623076923076923,49152,49152,13,1,49152.0,0
2026-02-04 16:03:18,2.0615384615384618,14.3,0.2469230769230769,0,0,13,0,0.0,0
2026-02-04 16:03:19,0.0,0.0,0.20285714285714285,3408,3360,14,2,1704.0,0
2026-02-04 16:03:20,0.0,0.0,0.3885714285714286,0,0,14,0,0.0,0
2026-02-04 16:03:21,0.0,0.0,0.29285714285714287,0,0,14,0,0.0,0
2026-02-04 16:03:22,0.0,0.0,0.3307142857142857,0,0,14,0,0.0,0
2026-02-04 16:03:23,0.0,0.0,0.2692857142857143,4096,4096,14,1,4096.0,0
2026-02-04 16:03:24,0.0,0.0,0.6547058823529412,471,471,17,1,471.0,0
2026-02-04 16:03:25,5.0588235294117645,86.0,1.1994117647058824,2670717,2069483,17,5,534143.4,0
2026-02-04 16:03:26,0.0,0.0,0.5646666666666668,188673,178593,15,2,94336.5,0
2026-02-04 16:03:27,0.0,0.0,0.185,7677,7677,4,1,7677.0,0
2026-02-04 16:03:28,54.15555555555555,315.4,0.741111111111111,18072878,18072878,9,1,18072878.0,0
2026-02-04 16:03:29,0.0,0.0,0.22562500000000002,0,0,16,0,0.0,0
2026-02-04 16:03:30,0.0,0.0,0.1941176470588235,6692,4612,17,3,2230.6666666666665,0
2026-02-04 16:03:31,0.0,0.0,0.37888888888888883,0,0,18,0,0.0,0
2026-02-04 16:03:32,0.0,0.0,0.178125,200,200,16,1,200.0,0
2026-02-04 16:03:33,0.0,0.0,0.39999999999999997,795368,667648,17,2,397684.0,0
2026-02-04 16:03:34,0.0,0.0,0.6141176470588235,0,0,17,0,0.0,0
2026-02-04 16:03:35,0.0,0.0,0.29352941176470587,149838,149822,17,2,74919.0,0
2026-02-04 16:03:36,0.0,0.0,0.196,7671,7671,10,1,7671.0,0
2026-02-04 16:03:37,31.56666666666667,284.1,0.16,69632,69632,9,1,69632.0,0
2026-02-04 16:03:38,0.0,0.0,0.33611111111111114,83584,65536,18,2,41792.0,0
2026-02-04 16:03:39,0.0,0.0,0.2827777777777778,222805,222757,18,2,111402.5,0
2026-02-04 16:03:40,0.0,0.0,0.2573684210526316,0,0,19,0,0.0,0
2026-02-04 16:03:41,0.0,0.0,0.3526315789473684,202972,201768,19,3,67657.33333333333,0
2026-02-04 16:03:42,0.0,0.0,0.29833333333333334,787416,385024,18,3,262472.0,0
2026-02-04 16:03:43,0.0,0.0,0.6726315789473684,0,0,19,0,0.0,0
2026-02-04 16:03:44,0.0,0.0,0.2889473684210526,150350,150338,19,2,75175.0,0
2026-02-04 16:03:45,0.0,0.0,0.3225,6935,6935,8,1,6935.0,0
2026-02-04 16:03:46,45.60909090909091,501.7,0.15727272727272726,606208,360448,11,2,303104.0,0
2026-02-04 16:03:47,5.522222222222222,99.4,0.34555555555555556,491624,383720,18,3,163874.66666666666,0
2026-02-04 16:03:48,0.0,0.0,0.3211111111111111,34076,34012,18,2,17038.0,0
2026-02-04 16:03:49,0.0,0.0,0.23833333333333334,0,0,18,0,0.0,0
2026-02-04 16:03:50,0.0,0.0,0.6664705882352941,303848,303680,17,2,151924.0,0
2026-02-04 16:03:51,0.0,0.0,0.338125,12715951,7991658,16,3,4238650.333333333,0
2026-02-04 16:03:52,0.0,0.0,0.5958823529411764,17131950,17059638,17,4,4282987.5,0
2026-02-04 16:03:53,0.0,0.0,0.3925,464,448,16,2,232.0,0
2026-02-04 16:03:54,0.0,0.0,0.3905882352941176,149146,148214,17,3,49715.333333333336,0
2026-02-04 16:03:55,0.0,0.0,0.43200000000000005,7436,7436,5,1,7436.0,0
2026-02-04 16:03:56,69.62857142857142,487.4,0.1757142857142857,282624,262144,7,2,141312.0,0
2026-02-04 16:03:57,0.0,0.0,0.13533333333333336,0,0,15,0,0.0,0
2026-02-04 16:03:58,0.0,0.0,0.45399999999999996,380053,198439,15,4,95013.25,0
2026-02-04 16:03:59,0.0,0.0,0.32066666666666666,0,0,15,0,0.0,0
2026-02-04 16:04:00,0.0,0.0,0.25285714285714284,0,0,14,0,0.0,0
2026-02-04 16:04:01,0.0,0.0,0.612,415400,379096,15,2,207700.0,0
2026-02-04 16:04:02,0.0,0.0,0.33,1283570,999424,13,4,320892.5,0
2026-02-04 16:04:03,0.0,0.0,0.47714285714285715,304808,292520,14,2,152404.0,0
2026-02-04 16:04:04,0.0,0.0,0.7192307692307692,1281624,1280888,13,2,640812.0,0
2026-02-04 16:04:05,0.0,0.0,0.30428571428571427,152223,152207,14,2,76111.5,0
2026-02-04 16:04:06,0.0,0.0,0.38,49266,42760,14,4,12316.5,0
2026-02-04 16:04:07,0.0,0.0,0.18,7746,7746,1,1,7746.0,0
2026-02-04 16:04:08,83.95714285714287,587.7,0.1757142857142857,192512,131072,7,2,96256.0,0
2026-02-04 16:04:09,0.0,0.0,0.14083333333333334,0,0,12,0,0.0,0
2026-02-04 16:04:10,0.0,0.0,0.4183333333333333,216163,143179,12,2,108081.5,0
2026-02-04 16:04:11,0.0,0.0,0.3584615384615385,48,48,13,1,48.0,0
2026-02-04 16:04:12,0.0,0.0,0.19999999999999998,0,0,12,0,0.0,0
2026-02-04 16:04:13,0.0,0.0,0.29333333333333333,576,448,12,2,288.0,0
2026-02-04 16:04:14,0.0,0.0,0.7075,45290,42602,12,2,22645.0,0
2026-02-04 16:04:15,0.0,0.0,0.3358333333333334,1483293,1100172,12,3,494431.0,0
2026-02-04 16:04:16,0.0,0.0,0.2781818181818182,107515,94760,11,3,35838.333333333336,0
2026-02-04 16:04:17,0.0,0.0,0.759090909090909,2254514,2254514,11,1,2254514.0,0
2026-02-04 16:04:18,0.0,0.0,0.505,3168598,3168598,12,1,3168598.0,0
2026-02-04 16:04:19,0.0,0.0,0.3590909090909091,344334,184574,11,3,114778.0,0
2026-02-04 16:04:20,0.0,0.0,0.44090909090909086,580,344,11,4,145.0,0
2026-02-04 16:04:21,0.0,0.0,0.16666666666666666,7615,7615,3,1,7615.0,0
2026-02-04 16:04:22,596.6,596.6,0.0,0,0,1,0,0.0,0
2026-02-04 16:04:23,0.0,0.0,0.1690909090909091,352256,282624,11,2,176128.0,0
2026-02-04 16:04:24,0.0,0.0,0.14181818181818182,0,0,11,0,0.0,0
2026-02-04 16:04:25,0.0,0.0,0.485,67112,67112,10,1,67112.0,0
2026-02-04 16:04:26,0.0,0.0,0.3972727272727273,13298,13234,11,2,6649.0,0
2026-02-04 16:04:27,0.0,0.0,0.219,0,0,10,0,0.0,0
2026-02-04 16:04:28,0.0,0.0,0.297,0,0,10,0,0.0,0
2026-02-04 16:04:29,1.2909090909090908,14.2,0.6027272727272727,4653472,4570016,11,2,2326736.0,0
2026-02-04 16:04:30,0.0,0.0,0.583,770653,735445,10,2,385326.5,0
2026-02-04 16:04:31,0.0,0.0,0.2590909090909091,169147,169147,11,1,169147.0,0
2026-02-04 16:04:32,0.0,0.0,0.4809090909090909,604512,412000,11,2,302256.0,0
2026-02-04 16:04:33,0.0,0.0,0.5977777777777777,754278,754278,9,1,754278.0,0
2026-02-04 16:04:34,0.0,0.0,0.545,0,0,10,0,0.0,0
2026-02-04 16:04:35,0.0,0.0,0.40700000000000003,-54656,149980,10,3,-18218.666666666668,0
2026-02-04 16:04:36,0.0,0.0,0.313,12528,12080,10,2,6264.0,0
2026-02-04 16:04:37,0.0,0.0,0.36,51422,43744,7,2,25711.0,0
2026-02-04 16:04:39,120.5,482.0,0.1925,528384,528384,4,1,528384.0,0
2026-02-04 16:04:40,0.0,0.0,0.1322222222222222,0,0,9,0,0.0,0
2026-02-04 16:04:41,0.0,0.0,0.14555555555555555,0,0,9,0,0.0,0
2026-02-04 16:04:42,0.0,0.0,0.51,106216,101792,9,2,53108.0,0
2026-02-04 16:04:43,0.0,0.0,0.23222222222222222,64,64,9,1,64.0,0
2026-02-04 16:04:44,0.0,0.0,0.45625,0,0,8,0,0.0,0
2026-02-04 16:04:45,0.0,0.0,0.1675,0,0,8,0,0.0,0
2026-02-04 16:04:46,0.0,0.0,0.3244444444444444,0,0,9,0,0.0,0
2026-02-04 16:04:47,0.0,0.0,0.7288888888888888,10003008,9816304,9,2,5001504.0,0
2026-02-04 16:04:48,0.0,0.0,0.6225,734627,734627,8,1,734627.0,0
2026-02-04 16:04:49,0.0,0.0,0.22777777777777775,863853,863853,9,1,863853.0,0
2026-02-04 16:04:50,0.0,0.0,0.33625,393344,360576,8,2,196672.0,0
2026-02-04 16:04:51,0.0,0.0,0.5537500000000001,0,0,8,0,0.0,0
2026-02-04 16:04:52,0.0,0.0,0.5933333333333333,511709,511709,9,1,511709.0,0
2026-02-04 16:04:53,0.0,0.0,0.6162500000000001,0,0,8,0,0.0,0
2026-02-04 16:04:54,0.0,0.0,0.19375,352,336,8,2,176.0,0
2026-02-04 16:04:55,0.0,0.0,0.45875000000000005,149843,149395,8,2,74921.5,0
2026-02-04 16:04:56,0.0,0.0,0.35125,1120,1120,8,1,1120.0,0
2026-02-04 16:04:57,0.0,0.0,0.41,1029395,1021625,5,2,514697.5,0
2026-02-04 16:05:00,74.23750000000001,565.2,0.1675,487424,430080,8,2,243712.0,0
2026-02-04 16:05:01,0.0,0.0,0.135,0,0,8,0,0.0,0
2026-02-04 16:05:02,0.0,0.0,0.36624999999999996,0,0,8,0,0.0,0
2026-02-04 16:05:03,0.0,0.0,0.3575,92368,92368,8,1,92368.0,0
2026-02-04 16:05:04,0.0,0.0,0.26857142857142857,96803,96739,7,2,48401.5,0
2026-02-04 16:05:05,0.0,0.0,0.5071428571428571,0,0,7,0,0.0,0
2026-02-04 16:05:06,0.0,0.0,0.17285714285714285,0,0,7,0,0.0,0
2026-02-04 16:05:07,0.0,0.0,0.3157142857142857,0,0,7,0,0.0,0
2026-02-04 16:05:08,0.0,0.0,0.18285714285714286,112,112,7,1,112.0,0
2026-02-04 16:05:09,2.4,16.8,0.7842857142857144,2241048,2160152,7,3,747016.0,0
2026-02-04 16:05:10,0.0,0.0,0.5342857142857144,0,0,7,0,0.0,0
2026-02-04 16:05:11,0.0,0.0,0.37625,289136,288352,8,2,144568.0,0
2026-02-04 16:05:12,0.0,0.0,0.3057142857142857,615520,614400,7,2,307760.0,0
2026-02-04 16:05:13,0.0,0.0,0.25,477848,465560,7,2,238924.0,0
2026-02-04 16:05:14,0.0,0.0,0.5971428571428571,0,0,7,0,0.0,0
2026-02-04 16:05:15,0.0,0.0,0.7042857142857143,1706138,1706138,7,1,1706138.0,0
2026-02-04 16:05:16,0.0,0.0,0.6125,0,0,8,0,0.0,0
2026-02-04 16:05:17,0.0,0.0,0.19999999999999998,240,224,7,2,120.0,0
2026-02-04 16:05:18,0.0,0.0,0.4642857142857143,148264,148264,7,1,148264.0,0
2026-02-04 16:05:19,0.0,0.0,0.25,348,336,6,2,174.0,0
2026-02-04 16:05:20,0.0,0.0,0.5142857142857143,24256,23920,7,2,12128.0,0
2026-02-04 16:05:21,0.0,0.0,0.18,7755,7755,1,1,7755.0,0
2026-02-04 16:05:24,100.35000000000001,602.1,0.15833333333333333,53248,53248,6,1,53248.0,0
2026-02-04 16:05:25,0.0,0.0,0.1442857142857143,0,0,7,0,0.0,0
2026-02-04 16:05:26,0.0,0.0,0.16166666666666668,0,0,6,0,0.0,0
2026-02-04 16:05:27,0.0,0.0,0.6357142857142858,98824,96808,7,2,49412.0,0
2026-02-04 16:05:28,0.0,0.0,0.10666666666666667,0,0,6,0,0.0,0
2026-02-04 16:05:29,0.0,0.0,0.2933333333333333,48,48,6,1,48.0,0
2026-02-04 16:05:30,0.0,0.0,0.4633333333333333,0,0,6,0,0.0,0
2026-02-04 16:05:31,0.0,0.0,0.26499999999999996,0,0,6,0,0.0,0
2026-02-04 16:05:32,0.0,0.0,0.1366666666666667,0,0,6,0,0.0,0
2026-02-04 16:05:33,0.0,0.0,0.41333333333333333,112,112,6,1,112.0,0
2026-02-04 16:05:34,0.0,0.0,0.17500000000000002,0,0,6,0,0.0,0
2026-02-04 16:05:35,0.0,0.0,0.88,4326072,4220016,6,2,2163036.0,0
2026-02-04 16:05:36,0.0,0.0,0.5850000000000001,0,0,6,0,0.0,0
2026-02-04 16:05:37,0.0,0.0,0.39285714285714285,994786,994786,7,1,994786.0,0
2026-02-04 16:05:38,0.0,0.0,0.22333333333333336,12288,12288,6,1,12288.0,0
2026-02-04 16:05:39,0.0,0.0,0.3383333333333334,582196,461440,6,2,291098.0,0
2026-02-04 16:05:40,0.0,0.0,0.33666666666666667,0,0,6,0,0.0,0
2026-02-04 16:05:41,0.0,0.0,1.0033333333333334,3147723,3147723,6,1,3147723.0,0
2026-02-04 16:05:42,0.0,0.0,0.33,0,0,6,0,0.0,0
2026-02-04 16:05:43,0.0,0.0,0.7716666666666666,0,0,6,0,0.0,0
2026-02-04 16:05:44,0.0,0.0,0.1742857142857143,0,0,7,0,0.0,0
2026-02-04 16:05:45,0.0,0.0,0.5633333333333334,181943,181595,6,3,60647.666666666664,0
2026-02-04 16:05:46,0.0,0.0,0.22166666666666668,0,0,6,0,0.0,0
2026-02-04 16:05:47,0.0,0.0,0.37000000000000005,138693,138693,6,1,138693.0,0
2026-02-04 16:05:48,0.0,0.0,0.41,7880,7768,5,2,3940.0,0
2026-02-04 16:05:52,102.71666666666668,602.1,0.15833333333333333,266240,200704,6,2,133120.0,0
2026-02-04 16:05:53,0.0,0.0,0.1442857142857143,0,0,7,0,0.0,0
2026-02-04 16:05:54,0.0,0.0,0.16166666666666668,0,0,6,0,0.0,0
2026-02-04 16:05:55,0.0,0.0,0.3933333333333333,199792,199792,6,1,199792.0,0
2026-02-04 16:05:56,0.0,0.0,0.4183333333333334,1795829,1795829,6,1,1795829.0,0
2026-02-04 16:05:57,0.0,0.0,0.29666666666666663,64,64,6,1,64.0,0
2026-02-04 16:05:58,0.0,0.0,0.105,0,0,6,0,0.0,0
2026-02-04 16:05:59,0.0,0.0,0.5733333333333334,0,0,6,0,0.0,0
2026-02-04 16:06:00,0.0,0.0,0.18499999999999997,0,0,6,0,0.0,0
2026-02-04 16:06:01,0.0,0.0,0.37142857142857144,0,0,7,0,0.0,0
2026-02-04 16:06:02,0.0,0.0,0.17500000000000002,0,0,6,0,0.0,0
2026-02-04 16:06:03,30.76666666666667,99.4,1.0066666666666666,14512576,14223848,6,2,7256288.0,0
2026-02-04 16:06:04,0.0,0.0,0.6050000000000001,0,0,6,0,0.0,0
2026-02-04 16:06:05,0.0,0.0,0.44333333333333336,565208,565208,6,1,565208.0,0
2026-02-04 16:06:06,0.0,0.0,0.21833333333333335,1179648,1179648,6,1,1179648.0,0
2026-02-04 16:06:07,0.0,0.0,0.285,177160,177160,6,1,177160.0,0
2026-02-04 16:06:08,0.0,0.0,0.3833333333333333,12288,12288,6,1,12288.0,0
2026-02-04 16:06:09,0.0,0.0,0.9028571428571429,300829,300829,7,1,300829.0,0
2026-02-04 16:06:10,0.0,0.0,0.8133333333333334,0,0,6,0,0.0,0
2026-02-04 16:06:11,0.0,0.0,0.25166666666666665,0,0,6,0,0.0,0
2026-02-04 16:06:12,0.0,0.0,0.20428571428571432,0,0,7,0,0.0,0
2026-02-04 16:06:13,0.0,0.0,0.5216666666666667,155042,155026,6,2,77521.0,0
2026-02-04 16:06:14,0.0,0.0,0.245,0,0,6,0,0.0,0
2026-02-04 16:06:15,0.0,0.0,0.5071428571428571,112,112,7,1,112.0,0
2026-02-04 16:06:16,0.0,0.0,0.16666666666666666,7750,7750,3,1,7750.0,0
2026-02-04 16:06:19,170.46666666666667,511.4,0.25333333333333335,24576,24576,3,1,24576.0,0
2026-02-04 16:06:20,0.0,0.0,0.11,0,0,6,0,0.0,0
2026-02-04 16:06:21,0.0,0.0,0.14500000000000002,0,0,6,0,0.0,0
2026-02-04 16:06:22,0.0,0.0,0.15,0,0,6,0,0.0,0
2026-02-04 16:06:23,0.0,0.0,0.6085714285714285,153611,151595,7,2,76805.5,0
2026-02-04 16:06:24,0.0,0.0,0.11833333333333333,64,64,6,1,64.0,0
2026-02-04 16:06:25,0.0,0.0,0.2866666666666667,0,0,6,0,0.0,0
2026-02-04 16:06:26,0.0,0.0,0.5783333333333334,0,0,6,0,0.0,0
2026-02-04 16:06:27,0.0,0.0,0.16666666666666666,0,0,6,0,0.0,0
2026-02-04 16:06:28,0.0,0.0,0.2833333333333334,0,0,6,0,0.0,0
2026-02-04 16:06:29,0.0,0.0,0.26166666666666666,112,112,6,1,112.0,0
2026-02-04 16:06:30,0.0,0.0,0.81,16555752,16555752,6,1,16555752.0,0
2026-02-04 16:06:31,0.0,0.0,0.3933333333333333,313912,313912,6,1,313912.0,0
2026-02-04 16:06:32,0.0,0.0,0.7,224,224,7,1,224.0,0
2026-02-04 16:06:33,0.0,0.0,0.24,616544,616544,6,1,616544.0,0
2026-02-04 16:06:34,0.0,0.0,0.2933333333333334,112,112,6,1,112.0,0
2026-02-04 16:06:35,0.0,0.0,0.2866666666666667,309000,309000,6,1,309000.0,0
2026-02-04 16:06:36,0.0,0.0,0.5714285714285714,0,0,7,0,0.0,0
2026-02-04 16:06:37,0.0,0.0,0.7983333333333333,379833,379833,6,1,379833.0,0
2026-02-04 16:06:38,0.0,0.0,0.7733333333333333,0,0,6,0,0.0,0
2026-02-04 16:06:39,0.0,0.0,0.19285714285714287,0,0,7,0,0.0,0
2026-02-04 16:06:40,0.0,0.0,0.16833333333333333,240,224,6,2,120.0,0
2026-02-04 16:06:41,0.0,0.0,0.5466666666666667,4345510,4345510,6,1,4345510.0,0
2026-02-04 16:06:42,0.0,0.0,0.3971428571428572,13592,13032,7,2,6796.0,0
2026-02-04 16:06:43,0.0,0.0,0.38666666666666666,728,728,6,1,728.0,0
2026-02-04 16:06:44,0.0,0.0,0.18,7695,7695,1,1,7695.0,0
2026-02-04 16:06:47,97.06666666666666,582.4,0.15833333333333333,155648,131072,6,2,77824.0,0
2026-02-04 16:06:48,0.0,0.0,0.1442857142857143,0,0,7,0,0.0,0
2026-02-04 16:06:49,0.0,0.0,0.14857142857142858,0,0,7,0,0.0,0
2026-02-04 16:06:50,0.0,0.0,0.6271428571428571,139368,73832,7,2,69684.0,0
2026-02-04 16:06:51,0.0,0.0,0.11833333333333333,0,0,6,0,0.0,0
2026-02-04 16:06:52,0.0,0.0,0.25857142857142856,4023,3975,7,2,2011.5,0
2026-02-04 16:06:53,0.0,0.0,0.5085714285714286,0,0,7,0,0.0,0
2026-02-04 16:06:54,2.4,16.8,0.17142857142857143,0,0,7,0,0.0,0
2026-02-04 16:06:55,0.0,0.0,0.33571428571428574,112,112,7,1,112.0,0
2026-02-04 16:06:56,0.0,0.0,0.1985714285714286,0,0,7,0,0.0,0
2026-02-04 16:06:57,6.142857142857143,43.0,0.9285714285714286,18332144,18097312,7,2,9166072.0,0
2026-02-04 16:06:58,0.0,0.0,0.6871428571428572,504,504,7,1,504.0,0
2026-02-04 16:06:59,0.0,0.0,0.24714285714285714,796290,796290,7,1,796290.0,0
2026-02-04 16:07:00,0.0,0.0,0.30428571428571427,123152,106768,7,2,61576.0,0
2026-02-04 16:07:01,0.0,0.0,0.33875,337768,325480,8,2,168884.0,0
2026-02-04 16:07:02,2.075,16.6,0.81625,1251207,1251207,8,1,1251207.0,0
2026-02-04 16:07:03,0.0,0.0,0.6975,0,0,8,0,0.0,0
2026-02-04 16:07:04,0.0,0.0,0.1875,1024000,1024000,8,1,1024000.0,0
2026-02-04 16:07:05,0.0,0.0,0.47,168382,168146,8,3,56127.333333333336,0
2026-02-04 16:07:06,0.0,0.0,0.21,0,0,8,0,0.0,0
2026-02-04 16:07:07,0.0,0.0,0.48714285714285716,12416,12304,7,2,6208.0,0
2026-02-04 16:07:08,0.0,0.0,0.18,7747,7747,1,1,7747.0,0
2026-02-04 16:07:10,149.64999999999998,581.8,0.1925,147456,131072,4,2,73728.0,0
2026-02-04 16:07:11,0.0,0.0,0.13714285714285715,0,0,7,0,0.0,0
2026-02-04 16:07:12,0.0,0.0,0.16571428571428573,0,0,7,0,0.0,0
2026-02-04 16:07:13,0.0,0.0,0.5077777777777777,99000,96984,9,2,49500.0,0
2026-02-04 16:07:14,0.0,0.0,0.1225,64,64,8,1,64.0,0
2026-02-04 16:07:15,0.0,0.0,0.23125,0,0,8,0,0.0,0
2026-02-04 16:07:16,0.0,0.0,0.46222222222222226,0,0,9,0,0.0,0
2026-02-04 16:07:17,0.0,0.0,0.30125,0,0,8,0,0.0,0
2026-02-04 16:07:18,0.0,0.0,0.62,10540992,10540992,9,1,10540992.0,0
2026-02-04 16:07:19,0.0,0.0,0.28625,164336,164336,8,1,164336.0,0
2026-02-04 16:07:20,0.0,0.0,0.68625,1296300,1296300,8,1,1296300.0,0
2026-02-04 16:07:21,0.0,0.0,0.2025,1220608,1220608,8,1,1220608.0,0
2026-02-04 16:07:22,0.0,0.0,0.3022222222222222,618656,363216,9,2,309328.0,0
2026-02-04 16:07:23,0.0,0.0,0.7977777777777777,1402819,1402819,9,1,1402819.0,0
2026-02-04 16:07:24,0.0,0.0,0.6666666666666666,0,0,9,0,0.0,0
2026-02-04 16:07:25,0.0,0.0,0.17099999999999999,464,448,10,2,232.0,0
2026-02-04 16:07:26,0.0,0.0,0.41,163093,160181,10,2,81546.5,0
2026-02-04 16:07:27,0.0,0.0,0.2777777777777778,236,224,9,2,118.0,0
2026-02-04 16:07:28,0.0,0.0,0.18,7723,7723,1,1,7723.0,0
2026-02-04 16:07:30,62.15,497.2,0.1675,69632,69632,8,1,69632.0,0
2026-02-04 16:07:31,0.0,0.0,0.154,0,0,10,0,0.0,0
2026-02-04 16:07:32,0.0,0.0,0.4811111111111111,1513280,1510904,9,2,756640.0,0
2026-02-04 16:07:33,0.0,0.0,0.11777777777777779,64,64,9,1,64.0,0
2026-02-04 16:07:34,0.0,0.0,0.45,0,0,11,0,0.0,0
2026-02-04 16:07:35,0.0,0.0,0.252,0,0,10,0,0.0,0
2026-02-04 16:07:36,0.0,0.0,0.21909090909090911,0,0,11,0,0.0,0
2026-02-04 16:07:37,0.0,0.0,0.534,2335740,2174896,10,3,778580.0,0
2026-02-04 16:07:38,1.4300000000000002,14.3,0.593,442268,441932,10,2,221134.0,0
2026-02-04 16:07:39,0.0,0.0,0.2636363636363636,2286613,1414930,11,4,571653.25,0
2026-02-04 16:07:40,3.909090909090909,43.0,0.7009090909090909,3939758,3700666,11,4,984939.5,0
2026-02-04 16:07:41,0.0,0.0,0.5845454545454545,0,0,11,0,0.0,0
2026-02-04 16:07:42,0.0,0.0,0.16454545454545455,128,112,11,2,64.0,0
2026-02-04 16:07:43,2.3916666666666666,28.7,0.38333333333333336,135155009,135154897,12,2,67577504.5,0
2026-02-04 16:07:44,0.0,0.0,0.32625,7836,7612,8,2,3918.0,0
2026-02-10 12:30:22,55.910000000000004,559.1,0.147,0,0,10,0,0.0,0
2026-02-10 12:30:23,0.0,0.0,0.29333333333333333,0,0,15,0,0.0,0
2026-02-10 12:30:24,0.0,0.0,0.18733333333333332,0,0,15,0,0.0,0
2026-02-10 12:30:25,0.0,0.0,0.3678571428571428,0,0,14,0,0.0,0
2026-02-10 12:30:26,0.0,0.0,0.2692857142857143,0,0,14,0,0.0,0
2026-02-10 12:30:27,0.0,0.0,0.9815384615384615,0,0,13,0,0.0,0
2026-02-10 12:30:28,0.0,0.0,0.31285714285714283,0,0,14,0,0.0,0
2026-02-10 12:30:29,0.0,0.0,0.6576923076923078,0,0,13,0,0.0,0
2026-02-10 12:30:30,0.0,0.0,0.6569230769230769,0,0,13,0,0.0,0
2026-02-10 12:30:31,0.0,0.0,0.1623076923076923,0,0,13,0,0.0,0
2026-02-10 12:30:32,0.0,0.0,0.4942857142857143,0,0,14,0,0.0,0
2026-02-10 12:30:33,0.0,0.0,0.19166666666666665,0,0,6,0,0.0,0
2026-02-10 12:30:35,49.574999999999996,582.4,0.1425,143360,143360,12,1,143360.0,0
2026-02-10 12:30:36,0.0,0.0,0.26333333333333336,0,0,12,0,0.0,0
2026-02-10 12:30:37,0.0,0.0,0.29818181818181816,95000,94936,11,2,47500.0,0
2026-02-10 12:30:38,0.0,0.0,0.35999999999999993,0,0,12,0,0.0,0
2026-02-10 12:30:39,0.0,0.0,0.26545454545454544,0,0,11,0,0.0,0
2026-02-10 12:30:40,0.0,0.0,1.0125,1904,1904,12,1,1904.0,0
2026-02-10 12:30:41,0.0,0.0,0.199,336,336,10,1,336.0,0
2026-02-10 12:30:42,0.0,0.0,0.3308333333333333,130368,130144,12,2,65184.0,0
2026-02-10 12:30:43,0.0,0.0,0.5372727272727272,0,0,11,0,0.0,0
2026-02-10 12:30:44,0.0,0.0,0.7790909090909092,15812,15812,11,1,15812.0,0
2026-02-10 12:30:45,0.0,0.0,0.4063636363636363,148651,148651,11,1,148651.0,0
2026-02-10 12:30:46,0.0,0.0,0.1827272727272727,7774,7758,11,2,3887.0,0
2026-02-10 12:30:47,0.0,0.0,0.5325000000000001,224,112,12,2,112.0,0
2026-02-10 12:30:48,0.0,0.0,0.19166666666666665,0,0,6,0,0.0,0
2026-02-10 12:30:50,82.14285714285714,575.0,0.15571428571428572,0,0,7,0,0.0,0
2026-02-10 12:30:51,1.588888888888889,14.3,0.1322222222222222,0,0,9,0,0.0,0
2026-02-10 12:30:52,2.5,25.0,0.372,29560,29448,10,2,14780.0,0
2026-02-10 12:30:53,0.0,0.0,0.229,64,64,10,1,64.0,0
2026-02-10 12:30:54,0.0,0.0,0.41,0,0,10,0,0.0,0
2026-02-10 12:30:55,0.0,0.0,0.273,0,0,10,0,0.0,0
2026-02-10 12:30:56,0.0,0.0,0.205,0,0,10,0,0.0,0
2026-02-10 12:30:57,0.0,0.0,1.1560000000000001,930288,906096,10,2,465144.0,0
2026-02-10 12:30:58,0.0,0.0,0.32,92540,92428,9,2,46270.0,0
2026-02-10 12:30:59,0.0,0.0,0.30999999999999994,675792,675680,10,2,337896.0,0
2026-02-10 12:31:00,0.0,0.0,0.7988888888888889,1054880,1038496,9,2,527440.0,0
2026-02-10 12:31:01,0.0,0.0,0.6622222222222223,0,0,9,0,0.0,0
2026-02-10 12:31:02,0.0,0.0,0.42300000000000004,148410,148410,10,1,148410.0,0
2026-02-10 12:31:03,0.0,0.0,0.1822222222222222,8035,7795,9,3,2678.3333333333335,0
2026-02-10 12:31:04,0.0,0.0,0.23500000000000001,0,0,10,0,0.0,0
2026-02-10 12:31:05,0.0,0.0,0.6222222222222222,224,112,9,2,112.0,0
2026-02-10 12:31:06,0.0,0.0,0.11666666666666668,0,0,3,0,0.0,0
2026-02-10 12:31:08,117.5,587.5,0.182,114688,114688,5,1,114688.0,0
2026-02-10 12:31:09,0.0,0.0,0.135,888,888,8,1,888.0,0
2026-02-10 12:31:10,0.0,0.0,0.1375,0,0,8,0,0.0,0
2026-02-10 12:31:11,0.0,0.0,0.38111111111111107,65648,65536,9,2,32824.0,0
2026-02-10 12:31:12,0.0,0.0,0.25,13951,13887,8,2,6975.5,0
2026-02-10 12:31:13,0.0,0.0,0.485,0,0,8,0,0.0,0
2026-02-10 12:31:14,0.0,0.0,0.17555555555555558,96984,96984,9,1,96984.0,0
2026-02-10 12:31:15,0.0,0.0,0.3225,0,0,8,0,0.0,0
2026-02-10 12:31:16,0.0,0.0,1.4587500000000002,5824,5600,8,2,2912.0,0
2026-02-10 12:31:17,0.0,0.0,0.145,920,920,8,1,920.0,0
2026-02-10 12:31:18,0.0,0.0,0.305,4320,4096,8,3,1440.0,0
2026-02-10 12:31:19,0.0,0.0,0.35875,152504,144200,8,3,50834.666666666664,0
2026-02-10 12:31:20,0.0,0.0,0.58875,12633,12633,8,1,12633.0,0
2026-02-10 12:31:21,0.0,0.0,0.5900000000000001,112,112,8,1,112.0,0
2026-02-10 12:31:22,0.0,0.0,0.65125,0,0,8,0,0.0,0
2026-02-10 12:31:23,6.2375,49.9,0.46375,22466166,22466166,8,1,22466166.0,0
2026-02-10 12:31:24,0.0,0.0,0.16999999999999998,9206,7814,8,3,3068.6666666666665,0
2026-02-10 12:31:25,0.0,0.0,0.56375,33054,33054,8,1,33054.0,0
2026-02-10 12:31:26,0.0,0.0,0.32125,0,0,8,0,0.0,0
2026-02-10 12:31:27,0.0,0.0,0.118,0,0,5,0,0.0,0
2026-02-10 12:31:30,85.71428571428571,600.0,0.15571428571428572,178688,114688,7,2,89344.0,0
2026-02-10 12:31:31,0.0,0.0,0.13714285714285715,6552,6552,7,1,6552.0,0
2026-02-10 12:31:32,0.0,0.0,0.14857142857142858,0,0,7,0,0.0,0
2026-02-10 12:31:33,0.0,0.0,0.4628571428571428,19072,15208,7,2,9536.0,0
2026-02-10 12:31:34,0.0,0.0,0.12,64,64,7,1,64.0,0
2026-02-10 12:31:35,0.0,0.0,0.2542857142857143,67942,67942,7,1,67942.0,0
2026-02-10 12:31:36,0.0,0.0,0.5399999999999999,0,0,7,0,0.0,0
2026-02-10 12:31:37,0.0,0.0,0.19571428571428573,0,0,7,0,0.0,0
2026-02-10 12:31:38,0.0,0.0,0.35428571428571426,32960,32960,7,1,32960.0,0
2026-02-10 12:31:39,0.0,0.0,1.5728571428571427,490688,490688,7,1,490688.0,0
2026-02-10 12:31:40,2.042857142857143,14.3,0.2057142857142857,42100,38408,7,2,21050.0,0
2026-02-10 12:31:41,0.0,0.0,0.3442857142857143,22696,22696,7,1,22696.0,0
2026-02-10 12:31:42,0.0,0.0,0.2285714285714286,224,224,7,1,224.0,0
2026-02-10 12:31:43,0.0,0.0,0.46,0,0,2,0,0.0,0
2026-02-10 01:50:41,95.83333333333333,575.0,0.19666666666666668,0,0,6,0,0.0,1
2026-02-10 01:50:42,0.0,0.0,0.138,0,0,15,0,0.0,1
2026-02-10 01:50:43,0.0,0.0,0.33,0,0,15,0,0.0,1
2026-02-10 01:50:44,0.0,0.0,0.38999999999999996,0,0,15,0,0.0,1
2026-02-10 01:50:45,0.0,0.0,0.24133333333333334,0,0,15,0,0.0,1
2026-02-10 01:50:46,0.0,0.0,1.1033333333333333,0,0,15,0,0.0,1
2026-02-10 01:50:47,0.0,0.0,0.3442857142857143,0,0,14,0,0.0,1
2026-02-10 01:50:48,0.0,0.0,0.6228571428571429,0,0,14,0,0.0,1
2026-02-10 01:50:49,0.0,0.0,0.43333333333333335,0,0,15,0,0.0,1
2026-02-10 01:50:50,0.0,0.0,0.21642857142857141,0,0,14,0,0.0,1
2026-02-10 01:50:51,0.0,0.0,0.24357142857142858,0,0,14,0,0.0,1
2026-02-10 01:50:52,0.0,0.0,0.09,0,0,1,0,0.0,1
2026-02-10 01:50:53,66.9,602.1,0.1588888888888889,835584,835584,9,1,835584.0,1
2026-02-10 01:50:54,0.0,0.0,0.14692307692307693,0,0,13,0,0.0,1
2026-02-10 01:50:55,0.0,0.0,0.305,160,112,12,2,80.0,1
2026-02-10 01:50:56,0.0,0.0,0.4761538461538462,137275,137275,13,1,137275.0,1
2026-02-10 01:50:57,0.0,0.0,0.26692307692307693,7723,7723,13,1,7723.0,1
2026-02-10 01:50:58,0.0,0.0,1.1,11320,10984,12,2,5660.0,1
2026-02-10 01:50:59,0.0,0.0,0.45461538461538464,237490,237490,13,1,237490.0,1
2026-02-10 01:51:00,0.0,0.0,0.3007692307692308,0,0,13,0,0.0,1
2026-02-10 01:51:01,0.0,0.0,0.6883333333333334,8868,8868,12,1,8868.0,1
2026-02-10 01:51:02,8.283333333333333,99.4,0.48666666666666664,386100,386100,12,1,386100.0,1
2026-02-10 01:51:03,0.0,0.0,0.14615384615384613,16,16,13,1,16.0,1
2026-02-10 01:51:04,0.0,0.0,0.3233333333333333,0,0,12,0,0.0,1
2026-02-10 01:51:05,0.0,0.0,0.172,248,248,5,1,248.0,1
2026-02-10 01:51:06,531.9,531.9,0.0,0,0,1,0,0.0,1
2026-02-10 01:51:07,0.0,0.0,0.16416666666666666,0,0,12,0,0.0,1
2026-02-10 01:51:08,0.0,0.0,0.25166666666666665,80464,80464,12,1,80464.0,1
2026-02-10 01:51:09,0.0,0.0,0.21000000000000002,64,64,10,1,64.0,1
2026-02-10 01:51:10,7.818181818181818,86.0,0.5454545454545454,0,0,11,0,0.0,1
2026-02-10 01:51:11,0.0,0.0,0.2581818181818182,7681,7681,11,1,7681.0,1
2026-02-10 01:51:12,0.0,0.0,1.0808333333333333,1568,1568,12,1,1568.0,1
2026-02-10 01:51:13,1.4300000000000002,14.3,0.46799999999999997,920,920,10,1,920.0,1
2026-02-10 01:51:14,1.5090909090909093,16.6,0.27545454545454545,107560,107560,11,1,107560.0,1
2026-02-10 01:51:15,0.0,0.0,0.4145454545454546,12923104,12722176,11,3,4307701.333333333,1
2026-02-10 01:51:16,0.0,0.0,0.6609090909090909,0,0,11,0,0.0,1
2026-02-10 01:51:17,9.940000000000001,99.4,0.546,55580430,55580430,10,1,55580430.0,1
2026-02-10 01:51:18,0.0,0.0,0.162,12,12,10,1,12.0,1
2026-02-10 01:51:19,0.0,0.0,0.21181818181818182,1090,1090,11,1,1090.0,1
2026-02-10 01:51:20,0.0,0.0,0.262,224,112,10,2,112.0,1
2026-02-10 01:51:22,487.5,487.5,0.0,0,0,1,0,0.0,1
2026-02-10 01:51:23,0.0,0.0,0.173,0,0,10,0,0.0,1
2026-02-10 01:51:24,0.0,0.0,0.152,0,0,10,0,0.0,1
2026-02-10 01:51:25,0.0,0.0,0.3522222222222222,1628,1104,9,3,542.6666666666666,1
2026-02-10 01:51:26,11.11111111111111,100.0,0.23333333333333334,64,64,9,1,64.0,1
2026-02-10 01:51:27,0.0,0.0,0.5299999999999999,0,0,9,0,0.0,1
2026-02-10 01:51:28,0.0,0.0,0.2922222222222222,7745,7745,9,1,7745.0,1
2026-02-10 01:51:29,0.0,0.0,0.19333333333333333,0,0,9,0,0.0,1
2026-02-10 01:51:30,0.0,0.0,1.3977777777777778,224,112,9,2,112.0,1
2026-02-10 01:51:31,0.0,0.0,0.6044444444444443,560,448,9,2,280.0,1
2026-02-10 01:51:32,0.0,0.0,0.2544444444444445,397424,397312,9,2,198712.0,1
2026-02-10 01:51:33,0.0,0.0,0.3711111111111111,12288,12288,9,1,12288.0,1
2026-02-10 01:51:34,0.0,0.0,0.7744444444444444,2352,2352,9,1,2352.0,1
2026-02-10 01:51:35,0.0,0.0,0.3466666666666667,0,0,9,0,0.0,1
2026-02-10 01:51:36,1.3888888888888888,12.5,0.41333333333333333,110436973,110436733,9,3,36812324.333333336,1
2026-02-10 01:51:37,0.0,0.0,0.15,0,0,8,0,0.0,1
2026-02-10 01:51:38,0.0,0.0,0.22375,0,0,8,0,0.0,1
2026-02-10 01:51:39,0.0,0.0,0.28,224,112,9,2,112.0,1
2026-02-10 01:51:40,0.0,0.0,0.09,0,0,1,0,0.0,1
2026-02-10 01:51:42,94.62,473.1,0.18,0,0,5,0,0.0,1
2026-02-10 01:51:43,0.0,0.0,0.13375,0,0,8,0,0.0,1
2026-02-10 01:51:44,0.0,0.0,0.16,0,0,8,0,0.0,1
2026-02-10 01:51:45,0.0,0.0,0.3875,3296,3184,8,2,1648.0,1
2026-02-10 01:51:46,12.5375,100.3,0.24625000000000002,64,64,8,1,64.0,1
2026-02-10 01:51:47,0.0,0.0,0.585,0,0,8,0,0.0,1
2026-02-10 01:51:48,0.0,0.0,0.17857142857142858,7842,7842,7,1,7842.0,1
2026-02-10 01:51:49,0.0,0.0,0.30000000000000004,28840,28840,8,1,28840.0,1
2026-02-10 01:51:50,0.0,0.0,0.20285714285714285,0,0,7,0,0.0,1
2026-02-10 01:51:51,0.0,0.0,1.52375,336,224,8,2,168.0,1
2026-02-10 01:51:52,0.0,0.0,0.6542857142857142,112,112,7,1,112.0,1
2026-02-10 01:51:53,0.0,0.0,0.23714285714285716,112,112,7,1,112.0,1
2026-02-10 01:51:54,0.0,0.0,0.39125,434288,434176,8,2,217144.0,1
2026-02-10 01:51:55,0.0,0.0,0.6,0,0,7,0,0.0,1
2026-02-10 01:51:56,0.0,0.0,0.5775,1776,1776,8,1,1776.0,1
2026-02-10 01:51:57,0.0,0.0,0.4071428571428571,0,0,7,0,0.0,1
2026-02-10 01:51:58,1.7875,14.3,0.4275,19775691,19775691,8,1,19775691.0,1
2026-02-10 01:51:59,0.0,0.0,0.15142857142857144,16,16,7,1,16.0,1
2026-02-10 01:52:00,0.0,0.0,0.24857142857142858,0,0,7,0,0.0,1
2026-02-10 01:52:01,0.0,0.0,0.28285714285714286,0,0,7,0,0.0,1
2026-02-10 01:52:02,0.0,0.0,0.17714285714285713,471040,471040,7,1,471040.0,1
2026-02-10 01:52:05,199.45,398.9,0.0,4096,4096,2,1,4096.0,1
2026-02-10 01:52:06,0.0,0.0,0.225,188416,188416,6,1,188416.0,1
2026-02-10 01:52:07,0.0,0.0,0.13714285714285715,0,0,7,0,0.0,1
2026-02-10 01:52:08,0.0,0.0,0.1457142857142857,0,0,7,0,0.0,1
2026-02-10 01:52:09,0.0,0.0,0.4883333333333333,1264,1264,6,1,1264.0,1
2026-02-10 01:52:10,0.0,0.0,0.11714285714285713,48,48,7,1,48.0,1
2026-02-10 01:52:11,0.0,0.0,0.26666666666666666,3981,3981,6,1,3981.0,1
2026-02-10 01:52:12,0.0,0.0,0.6528571428571428,0,0,7,0,0.0,1
2026-02-10 01:52:13,0.0,0.0,0.215,7838,7838,6,1,7838.0,1
2026-02-10 01:52:14,0.0,0.0,0.34500000000000003,0,0,6,0,0.0,1
2026-02-10 01:52:15,0.0,0.0,0.20285714285714285,0,0,7,0,0.0,1
2026-02-10 01:52:16,0.0,0.0,1.9833333333333334,1568,1568,6,1,1568.0,1
2026-02-10 01:52:17,0.0,0.0,0.5933333333333334,0,0,6,0,0.0,1
2026-02-10 01:52:18,0.0,0.0,0.3733333333333333,78114,78114,6,1,78114.0,1
2026-02-10 01:52:19,0.0,0.0,0.22833333333333336,376832,376832,6,1,376832.0,1
2026-02-10 01:52:20,0.0,0.0,0.405,224,224,6,1,224.0,1
2026-02-10 01:52:21,0.0,0.0,0.6849999999999999,4096,4096,6,1,4096.0,1
2026-02-10 01:52:22,0.0,0.0,0.6416666666666666,8240,8240,6,1,8240.0,1
2026-02-10 01:52:23,0.0,0.0,0.4666666666666666,0,0,6,0,0.0,1
2026-02-10 01:52:24,4.057142857142857,28.4,0.5014285714285714,18860467,18860467,7,1,18860467.0,1
2026-02-10 01:52:25,0.0,0.0,0.19166666666666665,0,0,6,0,0.0,1
2026-02-10 01:52:26,0.0,0.0,0.125,12,12,6,1,12.0,1
2026-02-10 01:52:27,0.0,0.0,0.21666666666666667,0,0,6,0,0.0,1
2026-02-10 01:52:28,0.0,0.0,0.2342857142857143,0,0,7,0,0.0,1
2026-02-10 01:52:29,0.0,0.0,0.3066666666666667,471040,471040,6,1,471040.0,1
2026-02-10 01:52:30,0.0,0.0,0.09,0,0,1,0,0.0,1
2026-02-10 01:52:33,117.5,587.5,0.18,86016,86016,5,1,86016.0,1
2026-02-10 01:52:34,0.0,0.0,0.13833333333333334,0,0,6,0,0.0,1
2026-02-10 01:52:35,0.0,0.0,0.135,0,0,6,0,0.0,1
2026-02-10 01:52:36,0.0,0.0,0.15833333333333335,0,0,6,0,0.0,1
2026-02-10 01:52:37,0.0,0.0,0.47333333333333333,6808,6696,6,2,3404.0,1
2026-02-10 01:52:38,0.0,0.0,0.125,64,64,6,1,64.0,1
2026-02-10 01:52:39,0.0,0.0,0.26666666666666666,0,0,6,0,0.0,1
2026-02-10 01:52:40,0.0,0.0,0.7416666666666667,0,0,6,0,0.0,1
2026-02-10 01:52:41,0.0,0.0,0.22,7795,7795,6,1,7795.0,1
2026-02-10 01:52:42,0.0,0.0,0.2783333333333334,0,0,6,0,0.0,1
2026-02-10 01:52:43,0.0,0.0,0.23666666666666666,0,0,6,0,0.0,1
2026-02-10 01:52:44,0.0,0.0,2.0283333333333333,3312,3200,6,2,1656.0,1
2026-02-10 01:52:45,0.0,0.0,0.13166666666666668,0,0,6,0,0.0,1
2026-02-10 01:52:46,0.0,0.0,0.75,112,112,6,1,112.0,1
2026-02-10 01:52:47,0.0,0.0,0.22833333333333336,30414,30414,6,1,30414.0,1
2026-02-10 01:52:48,2.042857142857143,14.3,0.3871428571428571,249968,249856,7,2,124984.0,1
2026-02-10 01:52:49,0.0,0.0,0.3566666666666667,24576,24576,6,1,24576.0,1
2026-02-10 01:52:50,16.566666666666666,99.4,1.0233333333333332,79004,79004,6,1,79004.0,1
2026-02-10 01:52:51,0.0,0.0,0.3833333333333333,0,0,6,0,0.0,1
2026-02-10 01:52:52,2.042857142857143,14.3,0.5614285714285714,18822768,18822768,7,1,18822768.0,1
2026-02-10 01:52:53,0.0,0.0,0.168,0,0,5,0,0.0,1
2026-02-10 01:52:54,0.0,0.0,0.18166666666666667,240,224,6,2,120.0,1
2026-02-10 01:52:55,0.0,0.0,0.14285714285714285,0,0,7,0,0.0,1
2026-02-10 01:52:56,0.0,0.0,0.255,0,0,6,0,0.0,1
2026-02-10 01:52:57,0.0,0.0,0.3566666666666667,448,224,6,2,224.0,1
2026-02-10 01:52:58,0.0,0.0,0.12,512000,512000,3,1,512000.0,1
2026-02-10 01:53:01,62.5,312.5,0.18,4096,4096,5,1,4096.0,1
2026-02-10 01:53:02,0.0,0.0,0.13714285714285715,0,0,7,0,0.0,1
2026-02-10 01:53:03,0.0,0.0,0.15857142857142859,0,0,7,0,0.0,1
2026-02-10 01:53:04,0.0,0.0,0.335,0,0,6,0,0.0,1
2026-02-10 01:53:05,0.0,0.0,0.24857142857142858,112,112,7,1,112.0,1
2026-02-10 01:53:06,0.0,0.0,0.2833333333333333,64,64,6,1,64.0,1
2026-02-10 01:53:07,0.0,0.0,0.65,0,0,7,0,0.0,1
2026-02-10 01:53:08,0.0,0.0,0.17500000000000002,7804,7804,6,1,7804.0,1
2026-02-10 01:53:09,1.7857142857142858,12.5,0.2814285714285715,0,0,7,0,0.0,1
2026-02-10 01:53:10,0.0,0.0,0.22285714285714286,0,0,7,0,0.0,1
2026-02-10 01:53:11,0.0,0.0,2.026666666666667,448,336,6,2,224.0,1
2026-02-10 01:53:12,0.0,0.0,0.47125,0,0,8,0,0.0,1
2026-02-10 01:53:13,0.0,0.0,0.3528571428571428,107348,107236,7,2,53674.0,1
2026-02-10 01:53:14,0.0,0.0,0.29125,1986672,1986560,8,2,993336.0,1
2026-02-10 01:53:15,0.0,0.0,0.3985714285714286,12288,12288,7,1,12288.0,1
2026-02-10 01:53:16,6.3,50.4,0.80125,1008,1008,8,1,1008.0,1
2026-02-10 01:53:17,0.0,0.0,0.395,0,0,8,0,0.0,1
2026-02-10 01:53:18,4.1,28.7,0.49142857142857144,19420665,19420665,7,1,19420665.0,1
2026-02-10 01:53:19,0.0,0.0,0.18125,16,16,8,1,16.0,1
2026-02-10 01:53:20,0.0,0.0,0.18375,0,0,8,0,0.0,1
2026-02-10 01:53:21,0.0,0.0,0.2342857142857143,0,0,7,0,0.0,1
2026-02-10 01:53:22,2.3714285714285714,16.6,0.27285714285714285,430080,430080,7,1,430080.0,1
2026-02-10 01:53:25,99.43333333333334,596.6,0.19666666666666668,147456,131072,6,2,73728.0,1
2026-02-10 01:53:26,0.0,0.0,0.13375,0,0,8,0,0.0,1
2026-02-10 01:53:27,0.0,0.0,0.13777777777777778,0,0,9,0,0.0,1
2026-02-10 01:53:28,0.0,0.0,0.35888888888888887,0,0,9,0,0.0,1
2026-02-10 01:53:29,0.0,0.0,0.23249999999999998,64,64,8,1,64.0,1
2026-02-10 01:53:30,0.0,0.0,0.5677777777777777,0,0,9,0,0.0,1
2026-02-10 01:53:31,0.0,0.0,0.2775,7795,7795,8,1,7795.0,1
2026-02-10 01:53:32,0.0,0.0,0.19333333333333333,0,0,9,0,0.0,1
2026-02-10 01:53:33,0.0,0.0,1.3977777777777778,1955472,1953792,9,2,977736.0,1
2026-02-10 01:53:34,0.0,0.0,0.60375,0,0,8,0,0.0,1
2026-02-10 01:53:35,0.0,0.0,0.28600000000000003,2446204,2367488,10,3,815401.3333333334,1
2026-02-10 01:53:36,0.0,0.0,0.3711111111111111,0,0,9,0,0.0,1
2026-02-10 01:53:37,0.0,0.0,0.712,0,0,10,0,0.0,1
2026-02-10 01:53:38,9.97,99.7,0.55,94684165,94684165,10,1,94684165.0,1
2026-02-10 01:53:39,0.0,0.0,0.17,16,16,9,1,16.0,1
2026-02-10 01:53:40,0.0,0.0,0.22399999999999998,0,0,10,0,0.0,1
2026-02-10 01:53:41,0.0,0.0,0.267,0,0,10,0,0.0,1
2026-02-10 01:53:42,0.0,0.0,0.1,450560,450560,2,1,450560.0,1
2026-02-10 01:53:44,85.71428571428571,600.0,0.17714285714285713,163840,131072,7,2,81920.0,1
2026-02-10 01:53:45,0.0,0.0,0.13,0,0,10,0,0.0,1
2026-02-10 01:53:46,0.0,0.0,0.35300000000000004,112,112,10,1,112.0,1
2026-02-10 01:53:47,0.0,0.0,0.223,4023,3975,10,2,2011.5,1
2026-02-10 01:53:48,0.0,0.0,0.485,0,0,10,0,0.0,1
2026-02-10 01:53:49,0.0,0.0,0.27599999999999997,7734,7734,10,1,7734.0,1
2026-02-10 01:53:50,0.0,0.0,0.215,0,0,10,0,0.0,1
2026-02-10 01:53:51,1.5272727272727273,16.8,1.4018181818181819,336,224,11,2,168.0,1
2026-02-10 01:53:52,0.0,0.0,0.27599999999999997,224,112,10,2,112.0,1
2026-02-10 01:53:53,0.0,0.0,0.346,180336,180224,10,2,90168.0,1
2026-02-10 01:53:54,0.0,0.0,0.6891666666666666,5104,4096,12,2,2552.0,1
2026-02-10 01:53:55,8.283333333333333,99.4,0.4925,130867047,130867047,12,1,130867047.0,1
2026-02-10 01:53:56,0.0,0.0,0.15833333333333333,124,112,12,2,62.0,1
2026-02-10 01:53:57,0.0,0.0,0.23583333333333334,112,112,12,1,112.0,1
2026-02-10 01:53:58,0.0,0.0,0.2525,471152,471040,8,2,235576.0,1
2026-02-10 01:54:00,60.375,483.0,0.16875,40960,40960,8,1,40960.0,1
2026-02-10 01:54:01,0.0,0.0,0.14083333333333334,0,0,12,0,0.0,1
2026-02-10 01:54:02,0.0,0.0,0.3066666666666667,112,112,12,1,112.0,1
2026-02-10 01:54:03,0.0,0.0,0.4815384615384615,64,64,13,1,64.0,1
2026-02-10 01:54:04,0.0,0.0,0.24416666666666667,7805,7805,12,1,7805.0,1
2026-02-10 01:54:05,0.0,0.0,1.0530769230769232,224,112,13,2,112.0,1
2026-02-10 01:54:06,0.0,0.0,0.4291666666666667,112,112,12,1,112.0,1
2026-02-10 01:54:07,2.1846153846153844,28.4,0.31,152700,86016,13,3,50900.0,1
2026-02-10 01:54:08,0.0,0.0,0.6516666666666667,1344,1344,12,1,1344.0,1
2026-02-10 01:54:09,0.0,0.0,0.5021428571428571,159575959,159575959,14,1,159575959.0,1
2026-02-10 01:54:10,0.0,0.0,0.15714285714285717,128,112,14,2,64.0,1
2026-02-10 01:54:11,0.0,0.0,0.29,224,112,14,2,112.0,1
2026-02-10 01:54:12,0.0,0.0,0.13799999999999998,450560,450560,5,1,450560.0,1
2026-02-10 01:54:13,120.42,602.1,0.18,0,0,5,0,0.0,1
2026-02-10 01:54:14,0.0,0.0,0.13285714285714287,0,0,14,0,0.0,1
2026-02-10 01:54:15,0.0,0.0,0.28214285714285714,65600,65536,14,2,32800.0,1
2026-02-10 01:54:16,0.0,0.0,0.4473333333333333,0,0,15,0,0.0,1
2026-02-10 01:54:17,0.0,0.0,0.24125000000000002,7794,7794,16,1,7794.0,1
2026-02-10 01:54:18,0.0,0.0,1.0866666666666667,1680,1680,15,1,1680.0,1
2026-02-10 01:54:19,0.0,0.0,0.33125,142250,72394,16,3,47416.666666666664,1
2026-02-10 01:54:20,0.0,0.0,0.6053333333333334,25104,16384,15,2,12552.0,1
2026-02-10 01:54:21,0.0,0.0,0.38222222222222224,4158858,4158842,18,2,2079429.0,1
2026-02-10 01:54:22,0.0,0.0,0.20352941176470588,0,0,17,0,0.0,1
2026-02-10 01:54:23,0.0,0.0,0.2525,491520,491520,8,1,491520.0,1
2026-02-10 01:54:24,75.2625,602.1,0.14375,24576,24576,8,1,24576.0,1
2026-02-10 01:54:25,0.0,0.0,0.2676470588235294,2824,2824,17,1,2824.0,1
2026-02-10 01:54:26,0.0,0.0,0.3433333333333333,64,64,18,1,64.0,1
2026-02-10 01:54:27,0.0,0.0,0.27222222222222225,7732,7732,18,1,7732.0,1
2026-02-10 01:54:28,0.0,0.0,0.9705882352941176,336,224,17,2,168.0,1
2026-02-10 01:54:29,0.0,0.0,0.32473684210526316,237904,237568,19,4,59476.0,1
2026-02-10 01:54:30,0.0,0.0,0.5961111111111111,13296,12288,18,2,6648.0,1
2026-02-10 01:54:31,0.0,0.0,0.29444444444444445,4547956,4547828,18,3,1515985.3333333333,1
2026-02-10 01:54:32,0.0,0.0,0.2647058823529412,224,112,17,2,112.0,1
2026-02-10 01:54:33,0.0,0.0,0.11666666666666665,450560,450560,3,1,450560.0,1
2026-02-10 01:54:34,54.73636363636364,602.1,0.14363636363636365,0,0,11,0,0.0,1
2026-02-10 01:54:35,0.0,0.0,0.27375,4496,4272,16,2,2248.0,1
2026-02-10 01:54:36,0.0,0.0,0.369375,48,48,16,1,48.0,1
2026-02-10 01:54:37,0.0,0.0,0.2735714285714286,7743,7743,14,1,7743.0,1
2026-02-10 01:54:38,0.0,0.0,0.932,336,224,15,2,168.0,1
2026-02-10 01:54:39,0.0,0.0,0.4186666666666667,25348,25236,15,2,12674.0,1
2026-02-10 01:54:40,0.0,0.0,0.494,1073264,1069056,15,3,357754.6666666667,1
2026-02-10 01:54:41,0.0,0.0,0.4725,1008,1008,16,1,1008.0,1
2026-02-10 01:54:42,0.0,0.0,0.3013333333333333,3428333,3428205,15,3,1142777.6666666667,1
2026-02-10 01:54:43,0.0,0.0,0.29071428571428576,224,112,14,2,112.0,1
2026-02-10 01:54:44,0.0,0.0,0.136,450560,450560,5,1,450560.0,1
2026-02-10 01:54:45,104.16666666666667,312.5,0.25666666666666665,32768,32768,3,1,32768.0,1
2026-02-10 01:54:46,0.0,0.0,0.13428571428571429,0,0,14,0,0.0,1
2026-02-10 01:54:47,0.0,0.0,0.2776923076923077,5024,5024,13,1,5024.0,1
2026-02-10 01:54:48,0.0,0.0,0.43153846153846154,64,64,13,1,64.0,1
2026-02-10 01:54:49,0.0,0.0,0.2876923076923077,7694,7694,13,1,7694.0,1
2026-02-10 01:54:50,0.0,0.0,1.085,131184,131072,12,2,65592.0,1
2026-02-10 01:54:51,0.0,0.0,0.42166666666666663,0,0,12,0,0.0,1
2026-02-10 01:54:52,0.0,0.0,0.3308333333333333,73952,73728,12,2,36976.0,1
2026-02-10 01:54:53,0.0,0.0,0.6561538461538461,12288,12288,13,1,12288.0,1
2026-02-10 01:54:54,0.0,0.0,0.38916666666666666,0,0,12,0,0.0,1
2026-02-10 01:54:55,2.1846153846153844,28.4,0.3261538461538462,3353896,3353884,13,2,1676948.0,1
2026-02-10 01:54:56,0.0,0.0,0.21384615384615382,0,0,13,0,0.0,1
2026-02-10 01:54:57,0.0,0.0,0.27875,471040,471040,8,1,471040.0,1
2026-02-10 01:54:59,85.71428571428571,600.0,0.15285714285714286,131072,131072,7,1,131072.0,1
2026-02-10 01:55:00,1.1363636363636365,12.5,0.14727272727272728,0,0,11,0,0.0,1
2026-02-10 01:55:01,0.0,0.0,0.3109090909090909,0,0,11,0,0.0,1
2026-02-10 01:55:02,0.0,0.0,0.20909090909090908,4037,3973,11,2,2018.5,1
2026-02-10 01:55:03,0.0,0.0,0.48,7626,7626,12,1,7626.0,1
2026-02-10 01:55:04,0.0,0.0,0.26545454545454544,0,0,11,0,0.0,1
2026-02-10 01:55:05,0.0,0.0,1.28,1632,1632,10,1,1632.0,1
2026-02-10 01:55:06,0.0,0.0,0.544,28408,28296,10,2,14204.0,1
2026-02-10 01:55:07,0.0,0.0,0.271,163952,163840,10,2,81976.0,1
2026-02-10 01:55:08,0.0,0.0,0.7145454545454545,5104,4096,11,2,2552.0,1
2026-02-10 01:55:09,0.0,0.0,0.413,0,0,10,0,0.0,1
2026-02-10 01:55:10,3.909090909090909,43.0,0.3790909090909091,3513617,3513617,11,1,3513617.0,1
2026-02-10 01:55:11,0.0,0.0,0.174,128,112,10,2,64.0,1
2026-02-10 01:55:12,0.0,0.0,0.304,224,112,10,2,112.0,1
2026-02-10 01:55:13,0.0,0.0,0.1757142857142857,430080,430080,7,1,430080.0,1
2026-02-10 01:55:15,154.07500000000002,602.1,0.195,0,0,4,0,0.0,1
2026-02-10 01:55:16,0.0,0.0,0.1322222222222222,0,0,9,0,0.0,1
2026-02-10 01:55:17,1.8444444444444446,16.6,0.13777777777777778,0,0,9,0,0.0,1
2026-02-10 01:55:18,0.0,0.0,0.3577777777777778,5888,5776,9,2,2944.0,1
2026-02-10 01:55:19,0.0,0.0,0.22111111111111112,64,64,9,1,64.0,1
2026-02-10 01:55:20,0.0,0.0,0.62375,0,0,8,0,0.0,1
2026-02-10 01:55:21,0.0,0.0,0.2555555555555556,7698,7698,9,1,7698.0,1
2026-02-10 01:55:22,0.0,0.0,0.2288888888888889,0,0,9,0,0.0,1
2026-02-10 01:55:23,0.0,0.0,1.5262499999999999,560,336,8,2,280.0,1
2026-02-10 01:55:24,0.0,0.0,0.6,112,112,8,1,112.0,1
2026-02-10 01:55:25,0.0,0.0,0.2588888888888889,373884,307200,9,3,124628.0,1
2026-02-10 01:55:26,0.0,0.0,0.34500000000000003,16384,16384,8,1,16384.0,1
2026-02-10 01:55:27,0.0,0.0,0.8177777777777777,1344,1344,9,1,1344.0,1
2026-02-10 01:55:28,0.0,0.0,0.43374999999999997,0,0,8,0,0.0,1
2026-02-10 01:55:29,0.0,0.0,0.41874999999999996,2692594,2692594,8,1,2692594.0,1
2026-02-10 01:55:30,0.0,0.0,0.1575,128,112,8,2,64.0,1
2026-02-10 01:55:31,0.0,0.0,0.24000000000000002,0,0,9,0,0.0,1
2026-02-10 01:55:32,0.0,0.0,0.29875,224,112,8,2,112.0,1
2026-02-10 01:55:35,88.39999999999999,530.4,0.16,147456,131072,6,2,73728.0,1
2026-02-10 01:55:36,0.0,0.0,0.1442857142857143,0,0,7,0,0.0,1
2026-02-10 01:55:37,0.0,0.0,0.14142857142857143,0,0,7,0,0.0,1
2026-02-10 01:55:38,0.0,0.0,0.385,112,112,8,1,112.0,1
2026-02-10 01:55:39,0.0,0.0,0.2642857142857143,64,64,7,1,64.0,1
2026-02-10 01:55:40,0.0,0.0,0.4975,0,0,8,0,0.0,1
2026-02-10 01:55:41,0.0,0.0,0.25571428571428567,0,0,7,0,0.0,1
2026-02-10 01:55:42,0.0,0.0,0.29285714285714287,7544,7544,7,1,7544.0,1
2026-02-10 01:55:43,0.0,0.0,0.20625,0,0,8,0,0.0,1
2026-02-10 01:55:44,0.0,0.0,1.55125,224,224,8,1,224.0,1
2026-02-10 01:55:45,0.0,0.0,0.5614285714285715,0,0,7,0,0.0,1
2026-02-10 01:55:46,0.0,0.0,0.29875,0,0,8,0,0.0,1
2026-02-10 01:55:47,0.0,0.0,0.3685714285714286,1048576,1048576,7,1,1048576.0,1
2026-02-10 01:55:48,0.0,0.0,0.60625,0,0,8,0,0.0,1
2026-02-10 01:55:49,0.0,0.0,0.6128571428571429,9520,9520,7,1,9520.0,1
2026-02-10 01:55:50,0.0,0.0,0.39125,0,0,8,0,0.0,1
2026-02-10 01:55:51,16.385714285714286,114.7,0.47000000000000003,79399916,79399916,7,1,79399916.0,1
2026-02-10 01:55:52,0.0,0.0,0.16714285714285712,16,16,7,1,16.0,1
2026-02-10 01:55:53,0.0,0.0,0.24875,0,0,8,0,0.0,1
2026-02-10 01:55:54,0.0,0.0,0.31,0,0,7,0,0.0,1
2026-02-10 01:55:55,0.0,0.0,0.16,0,0,3,0,0.0,1
2026-02-10 01:55:58,81.91428571428571,573.4,0.15285714285714286,192512,131072,7,2,96256.0,1
2026-02-10 01:55:59,0.0,0.0,0.13714285714285715,0,0,7,0,0.0,1
2026-02-10 01:56:00,0.0,0.0,0.155,0,0,6,0,0.0,1
2026-02-10 01:56:01,0.0,0.0,0.43,3520,3520,7,1,3520.0,1
2026-02-10 01:56:02,0.0,0.0,0.12166666666666666,48,48,6,1,48.0,1
2026-02-10 01:56:03,0.0,0.0,0.26666666666666666,113839,113839,6,1,113839.0,1
2026-02-10 01:56:04,0.0,0.0,0.6528571428571429,0,0,7,0,0.0,1
2026-02-10 01:56:05,0.0,0.0,0.21833333333333335,7582,7582,6,1,7582.0,1
2026-02-10 01:56:06,0.0,0.0,0.3085714285714286,0,0,7,0,0.0,1
2026-02-10 01:56:07,0.0,0.0,0.17,0,0,6,0,0.0,1
2026-02-10 01:56:08,0.0,0.0,1.7685714285714285,3655680,3587360,7,2,1827840.0,1
2026-02-10 01:56:09,0.0,0.0,0.5933333333333334,0,0,6,0,0.0,1
2026-02-10 01:56:10,0.0,0.0,0.3528571428571428,288488,288488,7,1,288488.0,1
2026-02-10 01:56:11,0.0,0.0,0.2785714285714286,2126048,2125824,7,2,1063024.0,1
2026-02-10 01:56:12,0.0,0.0,0.31714285714285717,370728,358440,7,2,185364.0,1
2026-02-10 01:56:13,7.166666666666667,43.0,1.0516666666666665,429528,429528,6,1,429528.0,1
2026-02-10 01:56:14,0.0,0.0,0.31833333333333336,0,0,6,0,0.0,1
2026-02-10 01:56:15,0.0,0.0,0.44999999999999996,0,0,6,0,0.0,1
2026-02-10 01:56:16,0.0,0.0,0.4714285714285714,231209198,231209198,7,1,231209198.0,1
2026-02-10 01:56:17,0.0,0.0,0.18166666666666667,124,112,6,2,62.0,1
2026-02-10 01:56:18,0.0,0.0,0.21166666666666667,0,0,6,0,0.0,1
2026-02-10 01:56:19,0.0,0.0,0.20285714285714285,0,0,7,0,0.0,1
2026-02-10 01:56:20,0.0,0.0,0.3383333333333334,224,112,6,2,112.0,1
2026-02-10 01:56:21,0.0,0.0,0.11333333333333334,0,0,3,0,0.0,1
2026-02-10 01:56:24,191.13333333333333,573.4,0.25666666666666665,32768,32768,3,1,32768.0,1
2026-02-10 01:56:25,0.0,0.0,0.075,0,0,6,0,0.0,1
2026-02-10 01:56:26,0.0,0.0,0.15666666666666668,0,0,6,0,0.0,1
2026-02-10 01:56:27,0.0,0.0,0.14833333333333334,0,0,6,0,0.0,1
2026-02-10 01:56:28,0.0,0.0,0.48499999999999993,1960,1848,6,2,980.0,1
2026-02-10 01:56:29,0.0,0.0,0.12166666666666666,64,64,6,1,64.0,1
2026-02-10 01:56:30,0.0,0.0,0.26666666666666666,0,0,6,0,0.0,1
2026-02-10 01:56:31,0.0,0.0,0.7483333333333334,0,0,6,0,0.0,1
2026-02-10 01:56:32,0.0,0.0,0.1985714285714286,7719,7719,7,1,7719.0,1
2026-02-10 01:56:33,0.0,0.0,0.2783333333333334,0,0,6,0,0.0,1
2026-02-10 01:56:34,0.0,0.0,0.23666666666666666,0,0,6,0,0.0,1
2026-02-10 01:56:35,0.0,0.0,2.0533333333333332,3148144,3104800,6,2,1574072.0,1
2026-02-10 01:56:36,0.0,0.0,0.13,0,0,6,0,0.0,1
2026-02-10 01:56:37,0.0,0.0,0.7516666666666666,112,112,6,1,112.0,1
2026-02-10 01:56:38,0.0,0.0,0.22833333333333336,357980,357980,6,1,357980.0,1
2026-02-10 01:56:39,0.0,0.0,0.395,2896096,2895872,6,2,1448048.0,1
2026-02-10 01:56:40,0.0,0.0,0.35285714285714287,432504,416120,7,2,216252.0,1
2026-02-10 01:56:41,11.083333333333334,66.5,1.0233333333333332,349577,349577,6,1,349577.0,1
2026-02-10 01:56:42,0.0,0.0,0.46166666666666667,0,0,6,0,0.0,1
2026-02-10 01:56:43,0.0,0.0,0.5633333333333334,17727211,17727211,6,1,17727211.0,1
2026-02-10 01:56:44,0.0,0.0,0.17333333333333334,0,0,6,0,0.0,1
2026-02-10 01:56:45,0.0,0.0,0.15,128,112,3,2,64.0,1
